package,in_degree,out_degree,betweenness,is_topN,dependents_count,downloads,rank
@acemir/cssom,1,0,0.000000,False,0,5313859,0
@ampproject/remapping,0,2,0.000000,True,1514643,166629450,1787
@apideck/better-ajv-errors,1,3,0.000000,False,730394,17213682,0
@asamuzakjp/css-color,1,5,0.000000,False,0,53781335,0
@asamuzakjp/dom-selector,1,5,0.000000,False,0,16192913,0
@asamuzakjp/nwsapi,1,0,0.000000,False,0,10921629,0
@babel/code-frame,9,3,0.000183,False,943567,305453121,0
@babel/compat-data,4,0,0.000000,True,2427088,278139086,791
@babel/core,12,15,0.001112,True,3617515,314302543,340
@babel/eslint-parser,1,3,0.000000,False,855939,39660959,0
@babel/generator,3,5,0.000078,True,3757856,350965495,329
@babel/helper-annotate-as-pure,10,1,0.000000,True,3198809,194890549,391
@babel/helper-builder-binary-assignment-operator-visitor,0,2,0.000000,True,3105651,48998339,504
@babel/helper-builder-react-jsx,0,2,0.000000,True,1374955,3964458,1976
@babel/helper-call-delegate,0,2,0.000000,True,1382617,3054425,1967
@babel/helper-compilation-targets,7,5,0.000316,True,2425898,261026941,792
@babel/helper-create-class-features-plugin,10,7,0.000000,True,2629302,161790550,712
@babel/helper-create-regexp-features-plugin,9,3,0.000000,True,2469860,131164258,779
@babel/helper-define-map,0,2,0.000000,True,2280170,6475195,951
@babel/helper-define-polyfill-provider,3,5,0.000000,True,1820602,130978842,1373
@babel/helper-environment-visitor,1,1,0.000000,True,1614822,69097085,1729
@babel/helper-explode-assignable-expression,0,1,0.000000,True,3105138,21029454,506
@babel/helper-function-name,1,2,0.000000,True,3758398,87768509,328
@babel/helper-get-function-arity,0,1,0.000000,True,2992860,25808945,526
@babel/helper-globals,2,0,0.000000,False,0,124467194,0
@babel/helper-hoist-variables,1,1,0.000000,True,3318577,75923914,376
@babel/helper-member-expression-to-functions,2,2,0.000000,True,3285157,165881219,380
@babel/helper-module-imports,5,2,0.000000,True,3498086,289434959,352
@babel/helper-module-transforms,5,3,0.000042,True,3453731,289897185,359
@babel/helper-optimise-call-expression,2,1,0.000000,True,3288913,156105507,378
@babel/helper-plugin-utils,110,0,0.000000,True,3527362,292505806,348
@babel/helper-regex,0,1,0.000000,True,2134115,3043839,1108
@babel/helper-remap-async-to-generator,3,3,0.000000,True,3141904,124449211,399
@babel/helper-replace-supers,3,3,0.000000,True,3331023,162831465,373
@babel/helper-simple-access,0,2,0.000000,True,3498085,95401465,353
@babel/helper-skip-transparent-expression-wrappers,7,2,0.000000,True,2346435,144300697,928
@babel/helper-split-export-declaration,0,1,0.000000,True,3795636,100934721,308
@babel/helper-string-parser,1,0,0.000000,False,733858,283475594,0
@babel/helper-validator-identifier,4,0,0.000000,False,579219,370941312,0
@babel/helper-validator-option,4,0,0.000000,True,2596458,266074917,748
@babel/helper-wrap-function,1,3,0.000000,True,3138324,121996205,500
@babel/helpers,1,2,0.000000,True,3566270,288396299,345
@babel/parser,9,1,0.000000,True,3782849,393851512,312
@babel/plugin-bugfix-firefox-class-in-computed-class-key,1,2,0.000000,False,0,80543509,0
@babel/plugin-bugfix-safari-class-field-initializer-scope,1,1,0.000000,False,0,69569474,0
@babel/plugin-bugfix-safari-id-destructuring-collision-in-function-expression,1,1,0.000000,False,1319045,105122643,0
@babel/plugin-bugfix-v8-spread-parameters-in-optional-chaining,1,3,0.000000,True,1724972,105414837,1540
@babel/plugin-bugfix-v8-static-class-fields-redefine-readonly,1,2,0.000000,False,3132,88942978,0
@babel/plugin-proposal-async-generator-functions,0,4,0.000000,True,3047658,31016836,519
@babel/plugin-proposal-class-properties,1,2,0.000000,True,2715291,67049579,592
@babel/plugin-proposal-class-static-block,0,3,0.000000,True,1657996,16521602,1571
@babel/plugin-proposal-decorators,1,3,0.000000,True,2566130,53583366,757
@babel/plugin-proposal-dynamic-import,0,2,0.000000,True,2723689,25262298,591
@babel/plugin-proposal-export-namespace-from,0,2,0.000000,True,2283198,24517875,948
@babel/plugin-proposal-json-strings,0,2,0.000000,True,3908875,27183446,199
@babel/plugin-proposal-logical-assignment-operators,0,2,0.000000,True,2263485,29319978,958
@babel/plugin-proposal-nullish-coalescing-operator,1,2,0.000000,True,3182368,48216639,395
@babel/plugin-proposal-numeric-separator,1,2,0.000000,True,2901468,40119785,544
@babel/plugin-proposal-object-rest-spread,0,5,0.000000,True,4084197,54398308,178
@babel/plugin-proposal-optional-catch-binding,0,2,0.000000,True,4043673,30938195,184
@babel/plugin-proposal-optional-chaining,1,3,0.000000,True,3189941,47974483,394
@babel/plugin-proposal-private-methods,1,2,0.000000,True,2465070,38887209,780
@babel/plugin-proposal-private-property-in-object,2,4,0.000000,True,1660697,116896785,1566
@babel/plugin-proposal-unicode-property-regex,1,2,0.000000,True,3943693,28718001,196
@babel/plugin-syntax-async-generators,2,1,0.000000,True,4255829,146084985,153
@babel/plugin-syntax-bigint,1,1,0.000000,True,1763011,63059526,1526
@babel/plugin-syntax-class-properties,1,1,0.000000,True,3086265,142463823,509
@babel/plugin-syntax-class-static-block,2,1,0.000000,True,1658694,117000362,1568
@babel/plugin-syntax-decorators,1,1,0.000000,True,2558155,50889044,761
@babel/plugin-syntax-dynamic-import,1,1,0.000000,True,4180311,66090615,165
@babel/plugin-syntax-export-namespace-from,1,1,0.000000,True,2302530,44923906,943
@babel/plugin-syntax-flow,1,1,0.000000,True,2414849,56983531,796
@babel/plugin-syntax-import-assertions,1,1,0.000000,False,825173,113174260,0
@babel/plugin-syntax-import-attributes,2,1,0.000000,False,500414,143534821,0
@babel/plugin-syntax-import-meta,1,1,0.000000,True,1681753,137564631,1559
@babel/plugin-syntax-json-strings,2,1,0.000000,True,4444129,138473130,131
@babel/plugin-syntax-jsx,3,1,0.000000,True,3452457,187128380,360
@babel/plugin-syntax-logical-assignment-operators,2,1,0.000000,True,2661293,141521047,701
@babel/plugin-syntax-nullish-coalescing-operator,2,1,0.000000,True,3661245,144225141,335
@babel/plugin-syntax-numeric-separator,2,1,0.000000,True,3420436,137307825,367
@babel/plugin-syntax-object-rest-spread,2,1,0.000000,True,4657287,147511195,121
@babel/plugin-syntax-optional-catch-binding,2,1,0.000000,True,4539577,138862560,126
@babel/plugin-syntax-optional-chaining,2,1,0.000000,True,3665838,138408929,334
@babel/plugin-syntax-private-property-in-object,2,1,0.000000,True,1674102,119090091,1562
@babel/plugin-syntax-top-level-await,1,1,0.000000,True,3633475,144285204,337
@babel/plugin-syntax-typescript,2,1,0.000000,True,2805566,162115375,582
@babel/plugin-syntax-unicode-sets-regex,1,2,0.000000,False,310099,85995499,0
@babel/plugin-transform-arrow-functions,1,1,0.000000,True,4264832,126068544,144
@babel/plugin-transform-async-generator-functions,1,3,0.000000,False,310085,100961609,0
@babel/plugin-transform-async-to-generator,1,3,0.000000,True,4233044,127223018,162
@babel/plugin-transform-block-scoped-functions,1,1,0.000000,True,4247496,118501303,156
@babel/plugin-transform-block-scoping,1,1,0.000000,True,4264524,136795446,145
@babel/plugin-transform-class-properties,1,2,0.000000,False,310155,102743694,0
@babel/plugin-transform-class-static-block,1,2,0.000000,False,310076,90614418,0
@babel/plugin-transform-classes,1,6,0.000000,True,4263709,136389029,146
@babel/plugin-transform-computed-properties,1,2,0.000000,True,4263199,129971822,149
@babel/plugin-transform-destructuring,3,2,0.000000,True,4270320,136104064,142
@babel/plugin-transform-dotall-regex,2,2,0.000000,True,4125149,118455896,168
@babel/plugin-transform-duplicate-keys,1,1,0.000000,True,4123341,113219976,171
@babel/plugin-transform-duplicate-named-capturing-groups-regex,1,2,0.000000,False,0,69581612,0
@babel/plugin-transform-dynamic-import,1,1,0.000000,False,465856,87104873,0
@babel/plugin-transform-explicit-resource-management,1,2,0.000000,False,0,39416341,0
@babel/plugin-transform-exponentiation-operator,1,1,0.000000,True,4251967,121962508,154
@babel/plugin-transform-export-namespace-from,1,1,0.000000,False,310172,91612970,0
@babel/plugin-transform-flow-strip-types,1,2,0.000000,True,2421945,59683096,793
@babel/plugin-transform-for-of,1,2,0.000000,True,4267128,126288719,143
@babel/plugin-transform-function-name,1,3,0.000000,True,4262656,130468804,152
@babel/plugin-transform-json-strings,1,1,0.000000,False,465846,93150328,0
@babel/plugin-transform-literals,1,1,0.000000,True,4262997,128843895,151
@babel/plugin-transform-logical-assignment-operators,1,1,0.000000,False,497398,101997835,0
@babel/plugin-transform-member-expression-literals,1,1,0.000000,True,4006226,114903003,192
@babel/plugin-transform-modules-amd,1,2,0.000000,True,4124003,115011042,169
@babel/plugin-transform-modules-commonjs,2,2,0.000000,True,4291106,147520343,140
@babel/plugin-transform-modules-systemjs,1,4,0.000000,True,4122363,122010755,173
@babel/plugin-transform-modules-umd,1,2,0.000000,True,4122709,134085644,172
@babel/plugin-transform-named-capturing-groups-regex,1,2,0.000000,True,4023362,122243550,187
@babel/plugin-transform-new-target,1,1,0.000000,True,4121285,119795588,174
@babel/plugin-transform-nullish-coalescing-operator,1,1,0.000000,False,497738,95999807,0
@babel/plugin-transform-numeric-separator,1,1,0.000000,False,497399,98154213,0
@babel/plugin-transform-object-rest-spread,1,5,0.000000,False,497406,99723824,0
@babel/plugin-transform-object-super,1,2,0.000000,True,4246877,121577803,157
@babel/plugin-transform-optional-catch-binding,1,1,0.000000,False,310087,95701352,0
@babel/plugin-transform-optional-chaining,2,2,0.000000,False,512858,109213542,0
@babel/plugin-transform-parameters,3,1,0.000000,True,4270525,129323445,141
@babel/plugin-transform-private-methods,1,2,0.000000,False,310164,103222240,0
@babel/plugin-transform-private-property-in-object,1,3,0.000000,False,465961,99340062,0
@babel/plugin-transform-property-literals,1,1,0.000000,True,4006289,120448544,191
@babel/plugin-transform-react-constant-elements,1,1,0.000000,True,2115983,30846984,1119
@babel/plugin-transform-react-display-name,2,1,0.000000,True,2800967,78532525,584
@babel/plugin-transform-react-jsx,2,5,0.000000,True,2936585,89272708,533
@babel/plugin-transform-react-jsx-development,1,1,0.000000,True,1914434,64487739,1322
@babel/plugin-transform-react-jsx-self,0,1,0.000000,True,1771963,64342289,1517
@babel/plugin-transform-react-jsx-source,0,1,0.000000,True,1908328,69490978,1329
@babel/plugin-transform-react-pure-annotations,1,2,0.000000,True,1618712,69979188,1728
@babel/plugin-transform-regenerator,1,1,0.000000,True,4248651,120276775,155
@babel/plugin-transform-regexp-modifiers,1,2,0.000000,False,0,62871985,0
@babel/plugin-transform-reserved-words,1,1,0.000000,True,3878658,118501026,302
@babel/plugin-transform-runtime,1,6,0.000000,True,3592482,84314516,343
@babel/plugin-transform-shorthand-properties,1,1,0.000000,True,4263112,124350193,150
@babel/plugin-transform-spread,1,2,0.000000,True,4263601,114970604,148
@babel/plugin-transform-sticky-regex,1,1,0.000000,True,4242424,120283813,159
@babel/plugin-transform-template-literals,1,1,0.000000,True,4263671,129490321,147
@babel/plugin-transform-typeof-symbol,1,1,0.000000,True,4123498,115455601,170
@babel/plugin-transform-typescript,1,5,0.000000,True,2593215,101414046,750
@babel/plugin-transform-unicode-escapes,1,1,0.000000,True,2483613,115139963,774
@babel/plugin-transform-unicode-property-regex,1,2,0.000000,False,497379,93265376,0
@babel/plugin-transform-unicode-regex,1,2,0.000000,True,4242441,120622515,158
@babel/plugin-transform-unicode-sets-regex,1,2,0.000000,False,310083,95096109,0
@babel/preset-env,3,70,0.000000,True,3369235,119911106,371
@babel/preset-modules,1,5,0.000000,True,2918999,100802393,535
@babel/preset-react,2,6,0.000000,True,2435145,75908288,785
@babel/preset-typescript,2,5,0.000000,True,2329475,90065240,932
@babel/runtime,5,0,0.000000,True,4021755,307021123,188
@babel/runtime-corejs3,0,1,0.000000,True,1940578,36096048,1314
@babel/template,6,3,0.000000,True,4582774,301776678,124
@babel/traverse,20,7,0.000033,True,4583249,330432404,123
@babel/types,32,2,0.000175,True,4673471,447665707,120
@bcoe/v8-coverage,1,0,0.000000,True,1666305,142620957,1564
@cacheable/memory,1,4,0.000000,False,0,4899784,0
@cacheable/utils,2,2,0.000000,False,0,6632237,0
@cnakazawa/watch,0,2,0.000000,True,1803043,18296748,1382
@csstools/cascade-layer-name-parser,3,0,0.000000,False,5917,9039757,0
@csstools/color-helpers,2,0,0.000000,False,2900,57482722,0
@csstools/convert-colors,0,0,0.000000,True,1555892,5078770,1765
@csstools/css-calc,8,0,0.000000,False,2773,56011931,0
@csstools/css-color-parser,14,2,0.000000,False,2451,56234544,0
@csstools/css-parser-algorithms,26,0,0.000000,False,10014,66596508,0
@csstools/css-syntax-patches-for-csstree,1,0,0.000000,False,0,11050473,0
@csstools/css-tokenizer,27,0,0.000000,False,10014,71787227,0
@csstools/media-query-list-parser,3,0,0.000000,False,8028,24321415,0
@csstools/normalize.css,1,0,0.000000,True,1850962,13244659,1360
@csstools/postcss-alpha-function,1,5,0.000000,False,0,2212280,0
@csstools/postcss-cascade-layers,1,2,0.000000,False,544751,20475898,0
@csstools/postcss-color-function,1,5,0.000000,False,699838,20983412,0
@csstools/postcss-color-function-display-p3-linear,1,5,0.000000,False,0,1847517,0
@csstools/postcss-color-mix-function,1,5,0.000000,False,2434,8206320,0
@csstools/postcss-color-mix-variadic-function-arguments,1,5,0.000000,False,0,3095781,0
@csstools/postcss-content-alt-text,1,4,0.000000,False,0,5753521,0
@csstools/postcss-contrast-color-function,1,5,0.000000,False,0,1412101,0
@csstools/postcss-exponential-functions,1,3,0.000000,False,25,7108340,0
@csstools/postcss-font-format-keywords,1,2,0.000000,False,721136,19315412,0
@csstools/postcss-gamut-mapping,1,3,0.000000,False,675,6916220,0
@csstools/postcss-gradients-interpolation-method,1,5,0.000000,False,2394,7865473,0
@csstools/postcss-hwb-function,1,5,0.000000,False,721143,20916604,0
@csstools/postcss-ic-unit,1,3,0.000000,False,699839,21046430,0
@csstools/postcss-initial,1,0,0.000000,False,0,6692634,0
@csstools/postcss-is-pseudo-class,1,2,0.000000,False,721082,21128961,0
@csstools/postcss-light-dark-function,1,4,0.000000,False,0,6315774,0
@csstools/postcss-logical-float-and-clear,1,0,0.000000,False,3114,7615481,0
@csstools/postcss-logical-overflow,1,0,0.000000,False,447,6093193,0
@csstools/postcss-logical-overscroll-behavior,1,0,0.000000,False,447,6793281,0
@csstools/postcss-logical-resize,1,1,0.000000,False,3114,7957914,0
@csstools/postcss-logical-viewport-units,1,2,0.000000,False,3114,7554781,0
@csstools/postcss-media-minmax,1,4,0.000000,False,2349,7784922,0
@csstools/postcss-media-queries-aspect-ratio-number-values,1,3,0.000000,False,3114,7465592,0
@csstools/postcss-nested-calc,1,2,0.000000,False,343233,19057058,0
@csstools/postcss-normalize-display-values,1,1,0.000000,False,721140,19939437,0
@csstools/postcss-oklab-function,1,5,0.000000,False,699848,19859656,0
@csstools/postcss-progressive-custom-properties,17,1,0.000000,False,740849,21140774,0
@csstools/postcss-random-function,1,3,0.000000,False,0,4069521,0
@csstools/postcss-relative-color-syntax,1,5,0.000000,False,1957,8231921,0
@csstools/postcss-scope-pseudo-class,1,1,0.000000,False,3114,7511850,0
@csstools/postcss-sign-functions,1,3,0.000000,False,0,4246494,0
@csstools/postcss-stepped-value-functions,1,3,0.000000,False,582897,20416152,0
@csstools/postcss-text-decoration-shorthand,1,2,0.000000,False,343233,19393135,0
@csstools/postcss-trigonometric-functions,1,3,0.000000,False,519524,19137802,0
@csstools/postcss-unset-value,1,0,0.000000,False,582896,20407293,0
@csstools/selector-resolve-nested,1,0,0.000000,False,0,9207562,0
@csstools/selector-specificity,4,0,0.000000,False,603452,43204746,0
@csstools/utilities,23,0,0.000000,False,0,7704010,0
@eslint-community/eslint-utils,2,1,0.000000,False,902580,229056958,0
@eslint-community/regexpp,2,0,0.000000,False,491487,212260944,0
@eslint/config-array,1,3,0.000000,False,0,102983436,0
@eslint/config-helpers,1,1,0.000000,False,0,96994890,0
@eslint/core,3,1,0.000000,False,0,141279397,0
@eslint/eslintrc,1,9,0.000000,True,1908494,252437763,1328
@eslint/js,1,0,0.000000,False,906483,246114685,0
@eslint/object-schema,1,0,0.000000,False,0,104739683,0
@eslint/plugin-kit,1,2,0.000000,False,0,126150835,0
@file-type/xml,1,2,0.000000,False,0,139979,0
@hapi/address,1,1,0.000000,True,1718656,12219870,1542
@hapi/bourne,0,0,0.000000,True,1536616,18176880,1775
@hapi/formula,1,0,0.000000,False,53534,6562399,0
@hapi/hoek,3,0,0.000000,True,2019365,84428482,1184
@hapi/joi,0,5,0.000000,True,1716809,9084581,1544
@hapi/pinpoint,1,0,0.000000,False,53529,6532466,0
@hapi/topo,1,1,0.000000,True,1934516,65800106,1316
@humanfs/core,1,0,0.000000,False,0,102444281,0
@humanfs/node,1,2,0.000000,False,0,100171647,0
@humanwhocodes/config-array,0,3,0.000000,True,1468908,129224161,1912
@humanwhocodes/module-importer,1,0,0.000000,False,1124195,196081680,0
@humanwhocodes/object-schema,1,0,0.000000,True,1469092,128133986,1911
@humanwhocodes/retry,2,0,0.000000,False,0,168415967,0
@isaacs/balanced-match,1,0,0.000000,False,0,53140268,0
@isaacs/brace-expansion,1,1,0.000067,False,0,52482870,0
@isaacs/fs-minipass,1,1,0.000000,False,0,68470789,0
@istanbuljs/load-nyc-config,1,5,0.000266,True,1817306,133339672,1376
@istanbuljs/schema,3,0,0.000000,True,2069262,160975237,1150
@jest/console,4,6,0.000000,True,2661388,166883427,599
@jest/core,2,28,0.000000,True,2595866,130688603,749
@jest/diff-sequences,1,0,0.000000,False,0,40494536,0
@jest/environment,8,4,0.000000,True,2600984,170343345,745
@jest/environment-jsdom-abstract,1,7,0.000000,False,0,9551801,0
@jest/expect,3,2,0.000017,False,128522,113870037,0
@jest/expect-utils,2,1,0.000000,False,403713,140868502,0
@jest/fake-timers,4,6,0.000100,True,2662823,156633837,598
@jest/get-type,9,0,0.000000,False,0,44193973,0
@jest/globals,1,4,0.000000,True,1588225,134458155,1743
@jest/pattern,3,2,0.000011,False,0,38177217,0
@jest/reporters,1,23,0.000000,True,2596799,142244219,747
@jest/schemas,2,1,0.000033,False,674904,278684045,0
@jest/snapshot-utils,1,4,0.000033,False,0,26417408,0
@jest/source-map,2,3,0.000033,True,2660717,150852785,702
@jest/test-result,9,4,0.000020,True,2661321,173477439,700
@jest/test-sequencer,1,4,0.000118,True,2592542,134051391,751
@jest/transform,6,15,0.000211,True,2626228,170572915,713
@jest/types,26,7,0.000211,True,2802343,398192879,583
@jridgewell/gen-mapping,4,2,0.000011,False,1278783,317207095,0
@jridgewell/remapping,1,2,0.000044,False,0,81136095,0
@jridgewell/resolve-uri,1,0,0.000000,True,1611961,273210552,1732
@jridgewell/source-map,1,2,0.000000,False,823706,131443821,0
@jridgewell/sourcemap-codec,3,0,0.000000,True,1575125,326863573,1751
@jridgewell/trace-mapping,12,2,0.000055,True,1577545,450043708,1747
@jsonjoy.com/base64,1,0,0.000000,False,0,25641791,0
@jsonjoy.com/buffers,2,0,0.000000,False,0,13188457,0
@jsonjoy.com/codegen,2,0,0.000000,False,0,12108925,0
@jsonjoy.com/json-pack,1,8,0.000000,False,0,28481400,0
@jsonjoy.com/json-pointer,1,1,0.000000,False,0,12264887,0
@jsonjoy.com/util,3,2,0.000000,False,0,27816992,0
@keyv/bigmap,1,2,0.000000,False,0,4884611,0
@keyv/serialize,1,0,0.000000,False,0,17703715,0
@leichtgewicht/ip-codec,1,0,0.000000,False,761913,43821742,0
@mrmlnc/readdir-enhanced,0,2,0.000000,True,1370853,11728852,1979
@nicolo-ribaudo/eslint-scope-5-internals,1,1,0.000000,False,576758,30142320,0
@nodelib/fs.scandir,1,2,0.000000,True,2383299,247116992,915
@nodelib/fs.stat,2,0,0.000000,True,3630379,260724310,338
@nodelib/fs.walk,1,2,0.000000,True,2383015,241348510,916
@pkgr/core,1,0,0.000000,False,0,87653770,0
@pmmmwh/react-refresh-webpack-plugin,1,6,0.000000,False,1251012,31774727,0
@rollup/plugin-babel,1,2,0.000000,False,796184,25631518,0
@rollup/plugin-node-resolve,1,5,0.000000,False,1311748,44295582,0
@rollup/plugin-replace,1,2,0.000000,False,1224212,29897164,0
@rollup/plugin-terser,1,3,0.000000,False,16582,12458185,0
@rollup/pluginutils,3,3,0.000000,True,1363194,115906360,1982
@rtsao/scc,1,0,0.000000,False,3,88881533,0
@rushstack/eslint-patch,1,0,0.000000,False,926261,51408117,0
@sec-ant/readable-stream,1,0,0.000000,False,2,22786156,0
@sinclair/typebox,1,0,0.000000,False,707802,234760430,0
@sindresorhus/merge-streams,2,0,0.000000,False,858,53331294,0
@sinonjs/commons,1,1,0.000033,True,1806144,164342136,1379
@sinonjs/fake-timers,1,1,0.000067,True,1659283,196848432,1567
@surma/rollup-plugin-off-main-thread,1,4,0.000000,False,1150763,18940198,0
@svgr/babel-plugin-add-jsx-attribute,1,0,0.000000,True,1788266,47910787,1394
@svgr/babel-plugin-remove-jsx-attribute,1,0,0.000000,True,1788257,43617880,1396
@svgr/babel-plugin-remove-jsx-empty-expression,1,0,0.000000,True,1788252,44744548,1500
@svgr/babel-plugin-replace-jsx-attribute-value,1,0,0.000000,True,1788264,44835511,1395
@svgr/babel-plugin-svg-dynamic-title,1,0,0.000000,True,1788248,44464595,1502
@svgr/babel-plugin-svg-em-dimensions,1,0,0.000000,True,1788253,47943121,1398
@svgr/babel-plugin-transform-react-native-svg,1,0,0.000000,True,1788250,42422506,1501
@svgr/babel-plugin-transform-svg-component,1,0,0.000000,True,1788252,35228474,1399
@svgr/babel-preset,2,8,0.000000,True,1788256,47905725,1397
@svgr/core,1,5,0.000000,True,1842062,48083032,1364
@svgr/hast-util-to-babel-ast,1,2,0.000000,True,1788267,45715552,1393
@svgr/plugin-jsx,1,4,0.000000,True,1788363,48120520,1392
@svgr/plugin-svgo,1,3,0.000000,True,1786060,38109336,1504
@svgr/webpack,1,8,0.000000,True,1831506,29272113,1368
@testing-library/dom,0,8,0.000000,True,1412044,108999591,1953
@tokenizer/token,1,0,0.000000,False,69519,39035327,0
@tootallnate/once,0,0,0.000000,True,1584397,144184905,1745
@types/aria-query,1,0,0.000000,False,1229544,91049634,0
@types/babel__core,2,5,0.000100,True,1905481,171255579,1334
@types/babel__generator,1,1,0.000000,True,1904638,177967653,1335
@types/babel__template,1,2,0.000000,True,1904343,171672741,1336
@types/babel__traverse,1,1,0.000000,True,1905607,176246772,1333
@types/body-parser,1,2,0.000000,True,1492415,133109792,1902
@types/bonjour,1,1,0.000000,False,967710,43645484,0
@types/connect,1,1,0.000000,True,1498356,109908397,1797
@types/connect-history-api-fallback,1,2,0.000000,False,1071944,47705873,0
@types/cors,1,1,0.000000,False,459469,54958097,0
@types/eslint,2,2,0.000000,True,1741976,113374649,1532
@types/eslint-scope,1,4,0.000000,False,1270808,92469632,0
@types/esrecurse,1,0,0.000000,False,0,171114,0
@types/estree,7,0,0.000000,True,1849638,331538814,1361
@types/express,2,3,0.000000,True,1528059,151008766,1782
@types/express-serve-static-core,3,4,0.000000,True,1503898,173229922,1796
@types/glob,0,1,0.000000,True,2055129,66072578,1160
@types/graceful-fs,0,1,0.000000,True,1747353,117422963,1528
@types/html-minifier-terser,1,0,0.000000,True,1431560,47101977,1941
@types/http-errors,1,0,0.000000,False,473594,109972059,0
@types/http-proxy,1,1,0.000067,False,1241955,64319555,0
@types/istanbul-lib-coverage,4,0,0.000000,True,1996416,144905198,1195
@types/istanbul-lib-report,1,1,0.000000,True,1972820,153103738,1305
@types/istanbul-reports,1,1,0.000033,True,1972747,175281056,1306
@types/jsdom,2,3,0.000000,False,76626,53476429,0
@types/json-schema,4,0,0.000000,True,1742087,252179781,1531
@types/json5,0,1,0.000000,True,1794713,131832855,1385
@types/mime,0,1,0.000000,True,1509678,127467979,1790
@types/minimatch,0,1,0.000000,True,2087826,77469696,1141
@types/node,34,1,0.000067,False,1060374,569923996,0
@types/normalize-package-data,0,0,0.000000,True,1399447,87490666,1961
@types/parse-json,0,1,0.000000,True,1793430,108693072,1386
@types/prettier,0,1,0.000000,True,1748823,56102213,1527
@types/prop-types,0,0,0.000000,True,1478506,116654672,1907
@types/q,1,0,0.000000,True,2619172,28071936,718
@types/qs,1,0,0.000000,True,1515716,138214277,1786
@types/range-parser,1,0,0.000000,True,1490192,121048564,1904
@types/react,0,1,0.000000,True,1507685,202959097,1793
@types/resolve,1,0,0.000000,False,1339219,70880877,0
@types/scheduler,0,0,0.000000,True,1346958,36582253,1994
@types/send,1,1,0.000000,False,542240,146303193,0
@types/serve-index,1,1,0.000000,False,968215,44476379,0
@types/serve-static,2,2,0.000000,True,1504467,139851849,1795
@types/sockjs,1,1,0.000000,False,967144,44414023,0
@types/stack-utils,1,0,0.000000,True,1905659,151236268,1332
@types/tough-cookie,1,0,0.000000,False,111207,92408921,0
@types/trusted-types,1,0,0.000000,False,741693,51222287,0
@types/ws,1,1,0.000000,False,1097014,125505043,0
@types/yargs,1,1,0.000033,True,2009672,305048458,1187
@types/yargs-parser,1,0,0.000000,True,1836231,158084062,1367
@typescript-eslint/eslint-plugin,1,9,0.000000,True,1823066,153836780,1371
@typescript-eslint/experimental-utils,0,1,0.000000,True,1566706,47953862,1755
@typescript-eslint/parser,1,5,0.000000,True,1907734,167009127,1330
@typescript-eslint/project-service,1,3,0.000000,False,0,123111952,0
@typescript-eslint/scope-manager,4,2,0.000000,True,1714452,225717826,1545
@typescript-eslint/tsconfig-utils,2,0,0.000000,False,0,123739271,0
@typescript-eslint/type-utils,1,5,0.000000,False,941724,139419676,0
@typescript-eslint/types,7,0,0.000000,True,1779331,244529630,1511
@typescript-eslint/typescript-estree,3,10,0.000000,True,1892157,249382358,1343
@typescript-eslint/utils,5,4,0.000000,False,944853,188166951,0
@typescript-eslint/visitor-keys,4,2,0.000000,True,1779288,240784576,1512
@ungap/structured-clone,1,0,0.000000,False,2802,139486708,0
@webassemblyjs/ast,7,2,0.000000,True,1625157,128473423,1710
@webassemblyjs/floating-point-hex-parser,1,0,0.000000,True,1625137,124133247,1711
@webassemblyjs/helper-api-error,2,0,0.000000,True,1619368,125837308,1724
@webassemblyjs/helper-buffer,3,0,0.000000,True,1625093,125182557,1717
@webassemblyjs/helper-numbers,1,3,0.000000,False,1255428,103316746,0
@webassemblyjs/helper-wasm-bytecode,5,0,0.000000,True,1625136,117877581,1712
@webassemblyjs/helper-wasm-section,1,4,0.000000,True,1625091,121016106,1719
@webassemblyjs/ieee754,2,1,0.000000,True,1619342,120188446,1725
@webassemblyjs/leb128,2,1,0.000000,True,1625112,121642149,1715
@webassemblyjs/utf8,2,0,0.000000,True,1619061,121526251,1726
@webassemblyjs/wasm-edit,1,8,0.000000,True,1624870,124562154,1720
@webassemblyjs/wasm-gen,3,5,0.000000,True,1625095,124875688,1716
@webassemblyjs/wasm-opt,1,4,0.000000,True,1625092,119561091,1718
@webassemblyjs/wasm-parser,3,6,0.000000,True,1625124,122140735,1714
@webassemblyjs/wast-printer,1,2,0.000000,True,1625131,123587172,1713
@xtuc/ieee754,1,0,0.000000,False,1119262,103830749,0
@xtuc/long,3,0,0.000000,True,1612951,110041560,1731
abab,0,0,0.000000,True,2273720,115668248,955
abbrev,1,0,0.000000,True,3523128,159678491,349
abort-controller,1,1,0.000000,False,593406,120829905,0
accepts,4,2,0.000000,True,1717765,240760806,1543
acorn,5,0,0.000000,False,1121780,557365285,0
acorn-globals,0,2,0.000000,True,2226795,85240401,965
acorn-import-phases,1,0,0.000000,False,0,35105869,0
acorn-jsx,1,0,0.000000,False,817417,229161959,0
acorn-walk,1,1,0.000000,True,2651754,238818610,706
address,2,0,0.000000,True,1880434,44769617,1350
adjust-sourcemap-loader,1,2,0.000000,True,1508724,35376461,1791
agent-base,2,0,0.000000,True,1575522,471383955,1749
aggregate-error,0,2,0.000000,True,1838394,136071232,1366
ajv,5,4,0.000000,False,1087714,670664030,0
ajv-formats,1,1,0.000000,False,1124792,191934025,0
ajv-keywords,1,1,0.000000,False,9177,254457618,0
alphanum-sort,0,0,0.000000,True,2166092,11360199,992
anser,1,0,0.000000,False,340353,19123149,0
ansi-colors,0,0,0.000000,True,3150703,153364741,397
ansi-escapes,3,1,0.000033,False,825237,315537190,0
ansi-html,0,0,0.000000,True,2414385,26543873,797
ansi-html-community,1,0,0.000000,False,1141321,60878808,0
ansi-regex,1,0,0.000000,False,1239008,1170402089,0
ansi-styles,2,0,0.000000,False,1274606,1847943178,0
anymatch,1,2,0.000033,False,1149091,295397727,0
aproba,1,0,0.000000,True,3902120,87612040,300
are-we-there-yet,1,0,0.000000,True,3119265,77830417,502
argparse,1,0,0.000000,False,1075818,585443950,0
aria-query,2,0,0.000000,True,2081790,210582199,1142
array-buffer-byte-length,3,2,0.000000,False,556174,178865029,0
array-find-index,1,0,0.000000,False,1283983,26505833,0
array-flatten,1,0,0.000000,True,4097259,169801813,176
array-includes,4,8,0.000000,True,1681276,165256096,1560
array-union,0,0,0.000000,True,3770523,210682659,326
array-uniq,0,0,0.000000,True,2875330,41005119,555
array-unique,1,0,0.000000,False,696961,68588836,0
array.prototype.findlast,1,6,0.000000,False,194,88942482,0
array.prototype.findlastindex,1,7,0.000000,False,335321,107811215,0
array.prototype.flat,2,4,0.000000,True,1494153,160416192,1900
array.prototype.flatmap,3,4,0.000000,True,1396604,146716886,1962
array.prototype.reduce,1,8,0.000000,False,626282,27052883,0
array.prototype.tosorted,1,5,0.000000,False,525562,99691936,0
arraybuffer.prototype.slice,1,7,0.000000,False,536531,160200533,0
arrify,0,0,0.000000,True,2398973,131870741,905
asap,1,0,0.000000,True,2638377,105990904,711
assign-symbols,1,0,0.000000,False,871923,52745651,0
ast-types-flow,1,0,0.000000,True,2035986,81294798,1179
astral-regex,0,0,0.000000,True,2279822,108357715,952
async,2,0,0.000000,False,926631,307059637,0
async-function,1,0,0.000000,False,1,103552361,0
asynckit,1,0,0.000000,True,1640325,268157229,1591
atob,1,0,0.000000,False,1169690,67690805,0
autoprefixer,1,6,0.000000,True,3254905,132356207,384
available-typed-arrays,3,1,0.000017,False,895160,215224142,0
axe-core,1,0,0.000000,False,1185064,104923841,0
axobject-query,1,0,0.000000,True,2039445,102186520,1176
babel-eslint,0,6,0.000000,True,1742519,18196123,1530
babel-jest,2,7,0.001087,True,2106569,147098859,1125
babel-loader,1,1,0.000000,True,2966700,89203564,529
babel-plugin-dynamic-import-node,0,1,0.000000,True,2991665,24562070,527
babel-plugin-istanbul,2,5,0.000466,True,2192806,163202620,982
babel-plugin-jest-hoist,1,1,0.000000,True,2068177,154608508,1151
babel-plugin-macros,1,3,0.000000,True,1650407,90207186,1576
babel-plugin-named-asset-import,1,0,0.000000,True,1370945,13870357,1978
babel-plugin-polyfill-corejs2,2,3,0.000000,True,1375971,117027221,1975
babel-plugin-polyfill-corejs3,2,2,0.000000,True,1376235,134321688,1974
babel-plugin-polyfill-regenerator,2,1,0.000000,True,1376262,114878265,1973
babel-plugin-syntax-object-rest-spread,0,0,0.000000,True,1341825,9718547,1998
babel-plugin-transform-react-remove-prop-types,1,0,0.000000,True,1495127,20333760,1799
babel-preset-current-node-syntax,2,15,0.000499,False,1121475,136156107,0
babel-preset-jest,1,2,0.000299,True,2070113,156192945,1148
babel-preset-react-app,2,17,0.000000,True,1427302,18411151,1946
babel-runtime,1,2,0.000000,True,2121303,43247540,1114
babel-types,0,4,0.000000,True,1362799,18594830,1983
babylon,0,0,0.000000,True,1883337,29612558,1349
base64-js,1,0,0.000000,True,1564057,263528528,1757
base64id,2,0,0.000000,False,1236685,34265081,0
baseline-browser-mapping,1,0,0.000000,False,0,126983169,0
batch,1,0,0.000000,True,3143451,60471694,398
bfj,1,4,0.000000,False,1048105,18499923,0
bidi-js,1,1,0.000000,False,7050,18683818,0
binary-extensions,1,0,0.000000,False,1114196,246377240,0
body-parser,1,9,0.000000,True,1711280,229404433,1546
bonjour,0,6,0.000000,True,2475687,11555105,777
bonjour-service,1,2,0.000000,False,759269,44607006,0
boolbase,2,0,0.000000,True,3068155,124628581,511
braces,1,1,0.000200,False,1237028,410156307,0
browser-process-hrtime,1,0,0.000000,True,2037289,45870283,1178
browserslist,16,5,0.000200,True,4076082,351481983,179
bser,1,1,0.000033,False,992341,140756042,0
buffer,1,2,0.000000,True,1513316,396873959,1788
buffer-from,1,0,0.000000,False,945125,245895329,0
buffer-indexof,1,0,0.000000,True,2477321,11120858,776
bundle-name,1,1,0.000000,False,61806,58656267,0
bytes,3,0,0.000000,False,1080038,273079250,0
cacheable,1,5,0.000000,False,5,11645598,0
call-bind,36,4,0.000120,False,909951,279195315,0
call-bind-apply-helpers,4,2,0.000007,False,0,281741119,0
call-bound,41,2,0.000000,False,0,238621068,0
call-me-maybe,1,0,0.000000,True,1405360,40769730,1956
caller-callsite,0,1,0.000000,True,2393679,28518200,910
callsites,3,0,0.000000,False,1012134,316645969,0
camel-case,1,1,0.000000,True,2493883,95778638,772
camelcase,5,0,0.000000,True,4809686,498161992,118
camelcase-keys,0,4,0.000000,True,1363994,75532417,1981
caniuse-api,3,4,0.000000,True,2639534,51949206,708
caniuse-lite,3,0,0.000000,True,4039789,319333409,186
case-sensitive-paths-webpack-plugin,1,0,0.000000,True,1869888,35585767,1355
chalk,28,0,0.000000,False,1291351,1487937440,0
check-types,1,0,0.000000,False,1105180,20373599,0
chokidar,2,1,0.000000,False,1116315,399228854,0
chownr,1,0,0.000000,True,3832022,253524725,305
chrome-trace-event,1,0,0.000000,False,1195361,115469312,0
ci-info,4,0,0.000000,True,3193954,348648474,392
cidr-tools,1,1,0.000000,False,35,269445,0
cjs-module-lexer,1,0,0.000000,False,900252,185517308,0
clean-css,1,1,0.000000,True,2829869,73806288,570
clean-stack,1,2,0.000000,True,1858195,153107209,1358
cliui,1,3,0.000000,True,4471191,533389535,130
clone,0,0,0.000000,True,1981870,186061672,1300
clone-deep,1,3,0.000000,True,2208537,85966629,973
co,2,0,0.000000,True,1566701,133285420,1756
coa,0,3,0.000000,True,2561415,25464181,760
code-point-at,0,0,0.000000,True,3327025,41056904,374
collect-v8-coverage,3,0,0.000000,False,1035389,123932277,0
color,0,2,0.000000,True,2379350,141449060,917
color-convert,1,1,0.000000,False,1246711,919955979,0
color-name,2,0,0.000000,False,1252925,927371925,0
color-string,1,1,0.000000,True,2384106,128227660,914
color-support,1,0,0.000000,False,680554,61864977,0
colord,2,0,0.000000,False,935521,56153384,0
colorette,2,0,0.000000,True,1727690,196009580,1535
combined-stream,1,1,0.000000,True,2188156,290439836,985
commander,3,0,0.000000,False,1082389,969616053,0
common-path-prefix,1,0,0.000000,False,785447,38064810,0
common-tags,1,0,0.000000,True,1658574,69677007,1569
commondir,0,0,0.000000,True,1447358,113449890,1921
component-emitter,2,0,0.000000,False,567483,102447628,0
compressible,1,1,0.000000,True,3417401,99450416,368
compression,1,7,0.000000,True,3408251,102311855,369
confusing-browser-globals,1,0,0.000000,True,1644562,51400336,1588
connect-history-api-fallback,1,0,0.000000,True,3115839,61372052,503
console-control-strings,2,0,0.000000,True,2830527,66475013,568
content-disposition,1,0,0.000000,True,4222637,230887581,163
content-type,3,0,0.000000,True,1866290,194036666,1356
convert-hrtime,1,0,0.000000,False,110054,12853500,0
convert-source-map,4,0,0.000000,True,4241143,425800332,160
cookie,3,0,0.000000,True,2444047,347834643,783
cookie-signature,1,0,0.000000,True,4104495,217968783,175
copy-descriptor,1,0,0.000000,False,968762,42125639,0
core-js,2,0,0.000000,True,3461376,186789120,358
core-js-compat,2,1,0.000000,True,3132941,137164579,501
core-js-pure,2,0,0.000000,True,1859896,58724202,1357
core-util-is,0,0,0.000000,True,1693704,254585579,1557
cors,2,2,0.000000,False,935233,102919721,0
cosmiconfig,5,4,0.000000,True,3498872,320812978,351
cross-spawn,3,3,0.000000,True,1924489,470066630,1320
crypto-random-string,1,1,0.000000,True,1704297,81357982,1550
css,0,3,0.000000,True,1701589,19958943,1553
css-blank-pseudo,1,1,0.000000,True,1598254,25672539,1739
css-color-names,1,0,0.000000,True,2145808,13635810,999
css-declaration-sorter,1,0,0.000000,True,2416879,53220869,794
css-has-pseudo,1,3,0.000000,True,1598265,25382588,1738
css-loader,1,8,0.000000,True,2855781,94171080,561
css-minimizer-webpack-plugin,1,6,0.000000,False,842807,27741228,0
css-prefers-color-scheme,1,0,0.000000,True,1598749,26942949,1737
css-select,2,5,0.000000,True,3051138,167989123,517
css-select-base-adapter,0,0,0.000000,True,2352285,22238921,925
css-selector-tokenizer,0,2,0.000000,True,1376465,9518939,1972
css-tree,4,2,0.000000,True,2569508,200842180,756
css-what,2,0,0.000000,True,3053195,153653834,516
cssdb,1,0,0.000000,True,1632110,26184634,1595
cssesc,3,0,0.000000,True,3326249,168619919,375
cssnano,2,2,0.000000,True,2638841,56412113,710
cssnano-preset-default,1,30,0.000000,True,2415585,54090171,795
cssnano-util-get-arguments,0,0,0.000000,True,1871519,8710327,1352
cssnano-util-get-match,0,0,0.000000,True,1871280,8953711,1353
cssnano-util-raw-cache,0,1,0.000000,True,1871573,8942341,1351
cssnano-util-same-parent,0,0,0.000000,True,1871199,8852701,1354
cssnano-utils,5,0,0.000000,False,924804,41253950,0
csso,1,1,0.000000,True,2739126,78434123,588
cssom,0,0,0.000000,True,2147832,153749646,998
cssstyle,1,3,0.000000,True,2139294,146061130,1105
csstype,1,0,0.000000,True,1653899,221438164,1574
currently-unhandled,0,1,0.000000,True,1558373,19941347,1761
damerau-levenshtein,1,0,0.000000,True,2038337,84029844,1177
data-uri-to-buffer,1,0,0.000000,False,371709,139684492,0
data-urls,1,2,0.000000,True,2055878,150223271,1159
data-view-buffer,1,3,0.000000,False,0,147619999,0
data-view-byte-length,1,3,0.000000,False,0,142247704,0
data-view-byte-offset,1,3,0.000000,False,0,155204853,0
date-now,0,0,0.000000,True,1390105,6744848,1965
debug,34,1,0.000067,True,1419208,1769229017,1951
decamelize,0,0,0.000000,True,3884987,183688539,301
decimal.js,1,0,0.000000,False,957978,135557840,0
decode-uri-component,2,0,0.000000,False,935386,83952604,0
dedent,1,0,0.000000,False,1040009,161280696,0
deep-equal,1,18,0.000000,True,2827902,96487511,572
deep-extend,1,0,0.000000,True,2907130,109254897,541
deep-is,1,0,0.000000,True,1547348,254102865,1769
deepmerge,4,0,0.000000,True,1558107,199839813,1762
default-browser,1,2,0.000000,False,61814,57209567,0
default-browser-id,1,0,0.000000,False,26689,66853322,0
default-gateway,1,1,0.000000,True,2735340,41998570,589
define-data-property,6,3,0.000000,False,381261,229811941,0
define-lazy-prop,1,0,0.000000,False,1174541,171722835,0
define-properties,29,3,0.000067,False,6903,240307273,0
define-property,5,2,0.000000,False,968223,266588423,0
defined,0,0,0.000000,True,1619645,18935872,1723
del,0,7,0.000000,True,2889986,54015459,548
delayed-stream,1,0,0.000000,True,2188097,290831914,986
delegates,0,0,0.000000,True,2863488,70479220,559
depd,2,0,0.000000,True,2556983,313478263,762
destroy,0,0,0.000000,True,4522290,169830106,128
detect-libc,1,0,0.000000,True,2309281,235483086,941
detect-newline,1,0,0.000000,True,2109804,149272335,1124
detect-node,1,0,0.000000,True,2961651,75652621,530
detect-port-alt,1,2,0.000000,True,1528523,19217193,1781
diff,0,0,0.000000,True,1554502,277694404,1766
diff-sequences,0,0,0.000000,True,1907072,181391321,1331
dir-glob,0,1,0.000000,True,3220445,185465105,389
dns-equal,1,0,0.000000,True,2899979,18607315,545
dns-packet,1,1,0.000000,True,2905460,58600907,542
dns-txt,1,1,0.000000,True,2469901,11297850,778
doctrine,2,1,0.000000,True,1377829,349124974,1970
dom-accessibility-api,1,0,0.000000,False,935172,153150118,0
dom-converter,1,1,0.000000,True,2251614,47239936,960
dom-serializer,1,3,0.000000,True,3228474,219521139,388
domelementtype,4,0,0.000000,True,3231030,192142758,386
domexception,0,1,0.000000,True,2042348,87866581,1175
domhandler,4,1,0.000000,True,2836242,230413910,566
domutils,2,3,0.000000,True,3228971,244060573,387
dot-prop,0,1,0.000000,True,2793438,111585845,585
dotenv,2,0,0.000000,False,1228719,292430919,0
dotenv-expand,1,1,0.000000,True,1979847,93693523,1303
dunder-proto,3,3,0.000000,False,0,302204912,0
duplexer,1,0,0.000000,True,2218742,83155971,969
ee-first,1,0,0.000000,True,2438994,202083559,784
ejs,1,1,0.000000,True,1532080,92007261,1778
electron-to-chromium,1,0,0.000000,True,4040409,342550217,185
emittery,2,0,0.000000,False,1127445,147050253,0
emoji-regex,1,0,0.000000,True,4193583,978833230,164
encodeurl,4,0,0.000000,True,2318351,343305904,935
engine.io,1,9,0.000000,False,1213452,36847677,0
engine.io-parser,1,0,0.000000,False,1253645,48116841,0
enhanced-resolve,1,2,0.000000,False,5366,208369945,0
entities,5,0,0.000000,True,3284033,427708347,381
env-paths,1,0,0.000000,False,621208,134815637,0
environment,1,0,0.000000,False,19,58366554,0
error-stack-parser,1,1,0.000000,True,1411254,66663244,1954
es-abstract,17,54,0.002675,False,6024,231903505,0
es-array-method-boxes-properly,1,0,0.000000,False,711197,35600043,0
es-define-property,5,0,0.000000,False,0,339164039,0
es-errors,33,0,0.000000,False,0,312294991,0
es-get-iterator,1,9,0.000000,False,414731,51432262,0
es-iterator-helpers,1,16,0.000000,False,360050,97026475,0
es-module-lexer,1,0,0.000000,False,785030,166591403,0
es-object-atoms,20,1,0.000000,False,0,288885076,0
es-set-tostringtag,3,4,0.000008,False,617921,264789126,0
es-shim-unscopables,5,1,0.000000,False,910421,143385390,0
es-to-primitive,1,3,0.000067,False,5928,198728546,0
escalade,2,0,0.000000,True,2368706,340087210,919
escape-html,5,0,0.000000,True,2500873,205714593,769
escape-string-regexp,4,0,0.000000,True,2044639,746494839,1174
escodegen,1,4,0.000000,True,2366133,171585969,922
eslint,1,34,0.000000,True,1569244,287809753,1754
eslint-config-react-app,1,14,0.000000,True,1496796,17864017,1798
eslint-import-resolver-node,1,3,0.000000,False,1043128,130020483,0
eslint-module-utils,1,1,0.000000,False,1202837,144826509,0
eslint-plugin-flowtype,1,2,0.000000,True,1608411,21096747,1734
eslint-plugin-import,1,19,0.000000,False,1100517,148189997,0
eslint-plugin-jest,1,1,0.000000,False,844544,58098830,0
eslint-plugin-jsx-a11y,1,15,0.000000,True,1763949,89699258,1525
eslint-plugin-react,1,18,0.000000,True,2003502,126788611,1190
eslint-plugin-react-hooks,1,5,0.000000,True,1658186,77956998,1570
eslint-plugin-testing-library,1,2,0.000000,False,882866,30877021,0
eslint-scope,3,2,0.000000,True,1592057,430605098,1741
eslint-utils,0,1,0.000000,True,2601363,90495108,744
eslint-visitor-keys,8,0,0.000000,True,1431349,603771380,1942
eslint-webpack-plugin,1,6,0.000000,False,683812,17334733,0
espree,2,3,0.000000,True,1372452,310625048,1977
esprima,2,0,0.000000,True,1541066,294718229,1773
esquery,1,1,0.000000,True,1409814,239958238,1955
esrecurse,1,1,0.000000,True,1702132,247113774,1552
estraverse,5,0,0.000000,True,1803046,496099891,1381
estree-walker,1,1,0.000000,False,1169599,220477418,0
esutils,5,0,0.000000,True,1790196,280319272,1391
etag,2,0,0.000000,True,4534857,195935698,127
event-target-shim,1,0,0.000000,False,637867,124402918,0
eventemitter3,1,0,0.000000,True,1773097,234643729,1515
events,2,0,0.000000,False,1326229,211021898,0
eventsource,1,1,0.000000,True,2367077,55729770,921
eventsource-parser,1,0,0.000000,False,7448,45559341,0
exec-sh,1,0,0.000000,False,423359,23350307,0
execa,2,12,0.000000,False,932013,429617762,0
exit,0,0,0.000000,True,2586560,116043986,753
exit-x,4,0,0.000000,False,0,23310158,0
expand-brackets,1,4,0.000000,False,696484,61112404,0
expect,2,6,0.000000,True,2030888,182884935,1180
express,1,27,0.000000,True,1853938,225484542,1359
extend-shallow,3,2,0.000000,False,931824,278814402,0
extglob,0,8,0.000000,True,3940381,60502340,198
fast-deep-equal,4,0,0.000000,True,4968905,350162413,112
fast-glob,2,5,0.000000,True,3211568,339027273,390
fast-json-stable-stringify,3,0,0.000000,True,4957551,289585652,113
fast-levenshtein,1,1,0.000000,True,1506124,254193931,1794
fast-uri,1,0,0.000000,False,8302,154382362,0
fastest-levenshtein,1,0,0.000000,False,376705,70761252,0
fastparse,1,0,0.000000,False,1070284,11659537,0
fastq,1,1,0.000000,True,1731737,268334073,1534
faye-websocket,2,1,0.000000,True,3105318,81902052,505
fb-watchman,1,1,0.000067,False,992304,143790695,0
fetch-blob,2,1,0.000000,False,59369,60866663,0
figures,1,1,0.000000,False,931471,205020774,0
file-entry-cache,1,1,0.000000,True,1425106,268891899,1949
file-loader,1,2,0.000000,True,2867787,44759976,558
filelist,1,1,0.000000,False,572040,78999683,0
filesize,1,0,0.000000,True,2051448,54589469,1162
fill-range,1,1,0.000133,True,5461792,390449745,102
filter-obj,1,0,0.000000,False,201966,45317497,0
finalhandler,1,6,0.000000,True,4946523,251036425,115
find-cache-dir,1,2,0.000000,True,1812888,162714181,1378
find-up,5,2,0.000100,False,1124485,784208705,0
find-up-simple,1,0,0.000000,False,333,25851694,0
flat,1,0,0.000000,False,441511,94579102,0
flat-cache,1,3,0.000000,True,1427237,279383979,1947
flatted,2,0,0.000000,True,1435734,269423062,1939
flatten,0,0,0.000000,True,1468870,12072395,1913
follow-redirects,1,0,0.000000,True,2023308,265958834,1182
for-each,5,1,0.000000,False,794514,211436611,0
for-in,2,0,0.000000,True,3955204,65328314,195
for-own,0,1,0.000000,True,1710262,36701093,1547
fork-ts-checker-webpack-plugin,1,12,0.000000,True,1524617,68745177,1784
form-data,0,5,0.000000,True,1722210,456172798,1541
formdata-polyfill,1,1,0.000000,False,54660,58352801,0
forwarded,1,0,0.000000,True,4075117,167718397,180
fraction.js,1,0,0.000000,False,1189394,106173518,0
fragment-cache,1,1,0.000000,True,3779677,45321349,322
fresh,2,0,0.000000,True,5019855,230727143,109
fs-extra,3,3,0.000000,True,3606808,545095775,341
fs-minipass,0,1,0.000000,True,3246496,175040074,385
fs.realpath,0,0,0.000000,True,5532257,254037826,101
fsevents,1,0,0.000000,True,5289351,100342779,104
function-bind,5,0,0.000000,True,2177864,387485252,990
function-timeout,1,0,0.000000,False,283,6531078,0
function.prototype.name,2,6,0.000033,False,943981,183783254,0
functions-have-names,2,0,0.000000,False,983573,169661652,0
gauge,1,8,0.000000,True,2839239,78934127,565
generator-function,1,0,0.000000,False,1,65151166,0
gensync,1,0,0.000000,True,2570540,224061248,755
get-caller-file,1,0,0.000000,True,4350442,266318509,136
get-east-asian-width,1,0,0.000000,False,39,76395289,0
get-intrinsic,22,10,0.000013,True,2347505,374205713,927
get-own-enumerable-keys,1,0,0.000000,False,23,1556375,0
get-own-enumerable-property-symbols,0,0,0.000000,True,1592223,38111548,1740
get-package-type,1,0,0.000000,False,1077415,147608330,0
get-proto,8,2,0.000011,False,0,296917055,0
get-stdin,0,0,0.000000,True,1619929,65207560,1722
get-stream,1,2,0.000000,True,2299681,532549314,944
get-symbol-description,1,3,0.000000,True,1466580,176412234,1914
get-value,3,0,0.000000,False,764720,62403048,0
glob,7,3,0.000183,True,2105034,945901021,1126
glob-parent,2,1,0.000000,False,6788,653425988,0
glob-to-regex.js,1,0,0.000000,False,0,9208851,0
glob-to-regexp,3,0,0.000000,True,2209082,127208279,971
global-modules,1,1,0.000000,False,959564,89636043,0
global-prefix,1,3,0.000000,False,959861,99095227,0
globals,1,0,0.000000,False,1094003,572609148,0
globalthis,2,2,0.000000,False,561361,176455365,0
globby,2,6,0.000000,True,3765491,291671720,327
gopd,18,0,0.000000,False,934090,330625525,0
graceful-fs,21,0,0.000000,False,1159704,359986170,0
graphemer,1,0,0.000000,False,780852,190126413,0
growly,1,0,0.000000,True,1787793,23240567,1503
gzip-size,1,1,0.000000,True,2099829,62888459,1132
handle-thing,1,0,0.000000,True,2913713,57763708,538
harmony-reflect,1,0,0.000000,True,1393273,31229712,1964
has,0,0,0.000000,True,2161770,81119881,994
has-bigints,2,0,0.000000,True,1609070,172482655,1733
has-property-descriptors,6,1,0.000000,False,859436,247341989,0
has-proto,5,1,0.000011,False,840101,187384147,0
has-symbols,12,0,0.000000,True,1910672,372419551,1325
has-tostringtag,11,1,0.000000,True,1605281,312280604,1735
has-unicode,1,0,0.000000,True,2839706,66150106,564
has-value,1,2,0.000000,True,3780978,98435664,317
has-values,1,1,0.000000,True,3781356,98811924,314
hashery,2,1,0.000000,False,0,,0
hasown,15,1,0.000007,False,257,354876236,0
he,0,0,0.000000,True,2827549,125265900,573
hermes-estree,1,0,0.000000,False,87133,36638130,0
hermes-parser,1,1,0.000000,False,92350,36829924,0
hex-color-regex,1,0,0.000000,True,1901703,10428796,1338
hoist-non-react-statics,0,1,0.000000,True,1377622,101278160,1971
hookified,6,0,0.000000,False,0,13062518,0
hoopy,1,0,0.000000,False,1042592,17568078,0
hpack.js,1,4,0.000000,True,2912523,59247260,539
hsl-regex,1,0,0.000000,True,1901287,9364671,1339
hsla-regex,1,0,0.000000,True,1901249,9457813,1340
html-comment-regex,0,0,0.000000,True,1798605,6497265,1384
html-encoding-sniffer,1,1,0.000000,True,2121155,139650450,1115
html-entities,1,0,0.000000,True,3072516,95012693,510
html-escaper,1,0,0.000000,True,1783603,174432325,1506
html-minifier-terser,1,7,0.000000,False,1213814,60907484,0
html-webpack-plugin,1,5,0.000000,True,2208990,55922196,972
htmlparser2,1,4,0.000000,True,2705632,195508009,593
http-deceiver,1,0,0.000000,True,2911733,56371418,540
http-errors,5,5,0.000000,False,1084122,312804019,0
http-parser-js,1,0,0.000000,True,2825835,83060838,574
http-proxy,1,3,0.000100,False,1171454,81716450,0
http-proxy-agent,1,2,0.000000,True,1460327,308133553,1915
http-proxy-middleware,1,6,0.000000,True,2978280,83985853,528
https-proxy-agent,1,2,0.000000,True,1575850,428651873,1748
human-signals,1,0,0.000000,True,1698573,330382665,1555
hyperdyperid,1,0,0.000000,False,175,25236482,0
iconv-lite,5,1,0.000000,True,2198928,581855456,979
icss-utils,3,0,0.000000,True,2763117,87104833,586
idb,2,0,0.000000,False,782286,43905794,0
identifier-regex,1,1,0.000000,False,0,687687,0
identity-obj-proxy,1,1,0.000000,True,1394802,34609918,1963
ieee754,1,0,0.000000,False,1081327,247567922,0
ignore,4,0,0.000000,True,1698122,505565011,1556
ignore-walk,1,1,0.000000,True,2284849,48194249,947
immer,1,0,0.000000,True,1478225,82053964,1908
import-cwd,0,1,0.000000,True,2172749,15234070,991
import-fresh,2,2,0.000000,True,3695872,310050188,333
import-from,1,0,0.000000,True,2225516,39002766,966
import-local,2,2,0.000000,True,3448463,152503706,361
imurmurhash,2,0,0.000000,False,5719,282445475,0
indent-string,2,0,0.000000,True,3057889,245323578,512
index-to-position,1,0,0.000000,False,182,21772568,0
indexes-of,0,0,0.000000,True,2314490,17831521,937
infer-owner,0,0,0.000000,True,2113203,40457057,1122
inflight,0,2,0.000000,True,2061276,222211868,1154
inherits,4,0,0.000000,True,2323492,462841907,934
ini,2,0,0.000000,True,1985226,317472499,1197
internal-ip,0,4,0.000000,True,2345528,13811816,929
internal-slot,4,3,0.000133,True,1631550,190302595,1598
interpret,0,0,0.000000,True,1629520,107548283,1709
invariant,0,1,0.000000,True,2745293,83809322,587
invert-kv,1,0,0.000000,True,2398894,26579324,906
ip,0,0,0.000000,True,2948597,44986076,532
ip-bigint,1,0,0.000000,False,5,260257,0
ip-regex,1,0,0.000000,True,2482074,40748215,775
ipaddr.js,2,0,0.000000,True,4086426,244291235,177
is-absolute-url,0,0,0.000000,True,2386902,32744337,912
is-accessor-descriptor,1,2,0.000000,False,956020,113622848,0
is-arguments,2,2,0.000000,True,2204852,123986781,974
is-array-buffer,4,3,0.000000,False,647978,181010603,0
is-arrayish,1,0,0.000000,False,5599,312723409,0
is-async-function,1,5,0.000033,False,127277,148627016,0
is-bigint,1,1,0.000000,True,1624594,185636665,1721
is-binary-path,0,1,0.000000,True,2135367,231619788,1106
is-boolean-object,1,2,0.000000,True,1646078,201379918,1587
is-callable,4,0,0.000000,False,4768,238350705,0
is-ci,0,1,0.000000,True,2620039,81994478,717
is-color-stop,0,6,0.000000,True,1899064,9046230,1341
is-core-module,3,1,0.000000,True,2348517,313697356,926
is-data-descriptor,1,2,0.000000,False,956019,110765695,0
is-data-view,4,3,0.000000,False,0,157456363,0
is-date-object,3,2,0.000000,False,4875,215486367,0
is-descriptor,1,4,0.000000,False,956037,185588169,0
is-directory,0,0,0.000000,True,2639327,28297641,709
is-docker,1,0,0.000000,True,1904010,221042312,1337
is-extendable,2,1,0.000000,False,990766,210896918,0
is-extglob,1,0,0.000000,False,5930,313635672,0
is-finalizationregistry,1,1,0.000000,False,374948,139208290,0
is-finite,0,0,0.000000,True,1533701,28353874,1777
is-generator-fn,2,0,0.000000,True,1984793,121605121,1198
is-generator-function,1,5,0.000033,False,306473,198485251,0
is-glob,6,1,0.000033,False,6270,367918102,0
is-identifier,1,2,0.000000,False,0,625720,0
is-in-ssh,1,0,0.000000,False,0,,0
is-inside-container,2,1,0.000000,False,61752,59469055,0
is-ip,1,2,0.000000,False,122107,6850014,0
is-map,2,0,0.000000,False,474357,168243728,0
is-module,1,0,0.000000,False,686074,41922720,0
is-negative-zero,1,0,0.000000,True,1510107,166432094,1789
is-network-error,1,0,0.000000,False,251,23100889,0
is-number,1,0,0.000000,False,6502,423136954,0
is-number-object,1,2,0.000000,True,1637126,176646165,1594
is-obj,1,0,0.000000,True,3285488,126021673,379
is-path-cwd,1,0,0.000000,True,2813907,49118924,581
is-path-in-cwd,0,1,0.000000,True,2551635,24781963,763
is-path-inside,3,0,0.000000,True,3491616,187618311,354
is-plain-obj,2,0,0.000000,True,3088043,269025586,508
is-plain-object,4,0,0.000000,False,1010187,232252475,0
is-potential-custom-element-name,2,0,0.000000,False,946146,113201257,0
is-primitive,1,0,0.000000,False,1031305,20976826,0
is-promise,1,0,0.000000,False,347979,100182882,0
is-regex,4,4,0.000008,False,4844,242971015,0
is-regexp,1,0,0.000000,True,1682812,52332427,1558
is-root,1,0,0.000000,True,1549428,22236623,1768
is-set,3,0,0.000000,False,474356,166594851,0
is-shared-array-buffer,2,1,0.000000,False,942377,201934117,0
is-stream,3,0,0.000000,True,2263687,465416448,956
is-string,5,2,0.000008,False,1277601,201981724,0
is-svg,0,1,0.000000,True,1819878,8479083,1374
is-symbol,2,3,0.000000,False,4659,204209773,0
is-typed-array,6,1,0.000000,False,1062000,222381252,0
is-unicode-supported,2,0,0.000000,False,666394,208898587,0
is-utf8,0,0,0.000000,True,1425693,32714635,1948
is-weakmap,1,0,0.000000,False,454147,163569790,0
is-weakref,2,1,0.000000,False,1084675,191796430,0
is-weakset,1,2,0.000000,False,454147,165449482,0
is-wsl,3,1,0.000000,True,3861743,258422294,304
isarray,6,0,0.000000,True,2097979,606557489,1134
isexe,1,0,0.000000,False,5752,408552973,0
isobject,3,0,0.000000,True,4238246,218224569,161
istanbul-lib-coverage,4,0,0.000000,True,2660713,204064004,703
istanbul-lib-instrument,2,5,0.000033,True,2654386,270778785,705
istanbul-lib-report,2,3,0.000000,True,2624956,175716657,714
istanbul-lib-source-maps,1,3,0.000000,True,2609340,193581427,724
istanbul-reports,1,2,0.000000,True,2624626,174014895,715
iterator.prototype,1,6,0.000000,False,360038,98060904,0
jake,1,3,0.000000,False,834823,85992460,0
jest,1,4,0.000000,True,2134838,141800909,1107
jest-changed-files,1,3,0.000000,True,2050373,145644716,1168
jest-circus,1,20,0.001144,False,1237144,123823913,0
jest-cli,1,10,0.000000,True,2060983,146148689,1155
jest-config,2,24,0.000000,True,2051336,139906975,1163
jest-diff,2,4,0.000033,True,2101659,228275298,1130
jest-docblock,2,1,0.000033,True,2057120,146628454,1157
jest-each,2,5,0.000000,True,1949386,135620381,1308
jest-environment-jsdom,0,5,0.000000,True,1997092,76887408,1194
jest-environment-node,2,7,0.000189,True,2050538,150864613,1167
jest-get-type,0,0,0.000000,True,2102211,206049846,1129
jest-haste-map,6,10,0.000266,True,2149746,190427323,997
jest-jasmine2,0,17,0.000000,True,1980480,38065484,1302
jest-leak-detector,1,2,0.000000,True,1975265,148186755,1304
jest-matcher-utils,4,4,0.000033,True,2064803,196147533,1152
jest-message-util,10,9,0.000033,True,2099364,230856012,1133
jest-mock,7,3,0.000000,True,2101135,208619353,1131
jest-pnp-resolver,1,0,0.000000,True,1909842,123786466,1327
jest-regex-util,8,0,0.000000,True,2094230,230581598,1135
jest-resolve,5,8,0.000200,True,2051130,164038579,1166
jest-resolve-dependencies,1,2,0.000000,True,2047834,146301642,1172
jest-runner,2,22,0.001000,True,1982094,145038528,1199
jest-runtime,4,22,0.000180,True,2048432,152011327,1170
jest-serializer,0,2,0.000000,True,2011529,46004909,1186
jest-snapshot,6,21,0.000549,True,2051196,147376006,1165
jest-util,22,6,0.000028,True,2141628,320563809,1104
jest-validate,5,6,0.000067,True,2114635,152985558,1120
jest-watch-typeahead,1,7,0.000000,True,1362247,26869428,1984
jest-watcher,3,8,0.000166,True,1948679,159634648,1309
jest-worker,6,5,0.000100,True,1815505,332576273,1377
jiti,1,0,0.000000,False,729108,211889301,0
js-tokens,2,0,0.000000,True,1940799,363868762,1313
js-yaml,3,1,0.000033,False,1075506,581168112,0
jsdom,1,20,0.000000,True,1437647,157797973,1936
jsesc,2,0,0.000000,True,4543338,379320852,125
json-parse-even-better-errors,1,0,0.000000,True,1767279,282590988,1523
json-schema,1,0,0.000000,True,1556405,114140886,1764
json-schema-traverse,1,0,0.000000,False,1067963,601963102,0
json-stable-stringify-without-jsonify,1,0,0.000000,True,1575335,229252924,1750
json3,0,0,0.000000,True,2370169,11369410,918
json5,4,0,0.000000,False,1074368,473081353,0
jsonfile,1,1,0.000000,True,3570926,317354565,344
jsonpath,1,3,0.000000,False,18744,13970752,0
jsonpointer,1,0,0.000000,False,796865,46191509,0
jsx-ast-utils,2,4,0.000000,True,1955342,114891550,1307
keyv,3,1,0.000000,False,1079901,267225696,0
killable,0,0,0.000000,True,2829299,9406008,571
kind-of,7,0,0.000000,True,2124171,435703011,1112
kleur,1,0,0.000000,True,2132876,181285947,1109
language-subtag-registry,1,0,0.000000,False,845226,79681784,0
language-tags,1,1,0.000000,False,1131463,83435868,0
last-call-webpack-plugin,1,2,0.000000,True,1772842,6501737,1516
launch-editor,1,2,0.000000,False,575815,49983886,0
lcid,1,1,0.000000,True,2398719,26518903,907
leven,2,0,0.000000,True,2646898,163977101,707
levn,2,2,0.000000,True,1544784,294519544,1771
lilconfig,2,0,0.000000,False,1248700,160309997,0
lines-and-columns,0,0,0.000000,True,2280787,270962849,950
loader-fs-cache,0,2,0.000000,True,1387991,3372624,1966
loader-runner,1,0,0.000000,True,1725917,117591205,1537
loader-utils,5,0,0.000000,True,1708802,222066633,1549
locate-path,1,1,0.000033,False,1089462,751095366,0
lodash,9,0,0.000000,True,1936033,343479314,1315
lodash._reinterpolate,2,0,0.000000,True,2048210,16506098,1171
lodash.debounce,1,0,0.000000,False,1200377,123038002,0
lodash.memoize,1,0,0.000000,True,2831604,117747765,567
lodash.merge,1,0,0.000000,True,1672087,225879617,1563
lodash.sortby,0,0,0.000000,True,1913259,71217930,1323
lodash.template,0,2,0.000000,True,2051263,17861003,1164
lodash.templatesettings,1,1,0.000000,True,2048511,17749158,1169
lodash.uniq,1,0,0.000000,True,2728170,83410132,590
log-symbols,0,2,0.000000,True,1543198,232889947,1772
loglevel,0,0,0.000000,True,2916090,47880061,537
loglevelnext,1,0,0.000000,False,90033,1969383,0
loose-envify,2,1,0.000000,True,3548702,176129807,346
lower-case,0,0,0.000000,True,2498991,120055287,770
lru-cache,4,0,0.000000,False,1198118,1064611959,0
lz-string,1,0,0.000000,False,895003,86180854,0
magic-string,2,1,0.000000,False,972985,279731809,0
make-asynchronous,1,3,0.000000,False,0,184,0
make-dir,1,0,0.000000,True,1769140,389510830,1521
makeerror,1,1,0.000033,True,1401481,127205664,1959
mamacro,0,0,0.000000,True,1570567,2932993,1753
map-age-cleaner,1,1,0.000033,True,1910180,21610755,1326
map-cache,2,0,0.000000,False,992496,64785630,0
map-obj,1,0,0.000000,True,1367046,114126554,1980
math-intrinsics,3,0,0.000000,False,0,269753336,0
mdn-data,1,0,0.000000,True,2565409,199928808,758
media-typer,1,0,0.000000,True,1827941,221043476,1369
mem,0,2,0.000000,True,2201056,28943957,976
memfs,2,6,0.000000,False,1046875,102548850,0
meow,0,0,0.000000,True,1351610,114419505,1991
merge-descriptors,1,0,0.000000,True,4062436,216204370,182
merge-stream,1,0,0.000000,True,2059364,211787683,1156
merge2,1,0,0.000000,True,2917740,252806992,536
methods,0,0,0.000000,True,4125259,159116562,167
micromatch,8,2,0.000316,True,1847280,413777599,1362
mime,1,0,0.000000,True,2602089,362926348,743
mime-db,2,0,0.000000,True,2093532,495462325,1139
mime-types,9,1,0.000000,True,2092391,448374154,1140
mimic-fn,1,0,0.000000,True,1520693,300016567,1785
mimic-function,1,0,0.000000,False,4,64397006,0
mini-css-extract-plugin,1,2,0.000000,True,2574221,62087237,754
minimalistic-assert,1,0,0.000000,True,1537126,101829517,1774
minimatch,15,1,0.000133,True,2198462,1449137324,980
minimist,3,0,0.000000,True,2004702,377114458,1189
minipass,9,0,0.000000,True,3331406,716708673,372
minipass-collect,0,1,0.000000,True,1432440,88317872,1940
minipass-flush,0,1,0.000000,True,1997597,80565246,1193
minipass-pipeline,0,1,0.000000,True,1997611,76362924,1192
minizlib,1,1,0.000000,True,2883623,175197983,551
mixin-object,0,2,0.000000,True,1345650,8808591,1997
mkdirp,2,0,0.000000,True,1948611,448742647,1310
ms,2,0,0.000000,True,2318159,1316918479,936
multicast-dns,2,2,0.000000,True,2890983,58587832,547
multicast-dns-service-types,1,0,0.000000,True,2460222,11642056,781
nanoid,2,0,0.000000,True,1618762,307785473,1727
napi-postinstall,1,0,0.000000,False,0,64376076,0
natural-compare,3,0,0.000000,True,2125495,254566499,1111
needle,1,2,0.000000,True,2162564,43254421,993
negotiator,2,0,0.000000,True,1792608,350626372,1388
neo-async,2,0,0.000000,True,1452098,167488299,1919
no-case,3,0,0.000000,True,2491087,115613585,773
node-abort-controller,1,0,0.000000,False,105993,51801753,0
node-domexception,1,0,0.000000,False,62756,73993843,0
node-fetch,0,3,0.000000,True,1817321,355881464,1375
node-forge,1,0,0.000000,True,3039204,102261133,522
node-int64,1,0,0.000000,True,1430044,137599770,1944
node-modules-regexp,0,0,0.000000,True,1437462,10934003,1937
node-notifier,0,6,0.000000,True,1792650,24809236,1387
node-pre-gyp,0,10,0.000000,True,2120020,5176919,1118
node-releases,1,0,0.000000,True,3706114,305877844,331
nopt,1,1,0.000000,True,3268107,170881468,383
normalize-path,2,0,0.000000,True,2292539,344149873,945
normalize-range,1,0,0.000000,True,3193916,109470383,393
normalize-url,0,0,0.000000,True,3314181,139228959,377
npm-bundled,0,1,0.000000,True,2274385,48576905,953
npm-normalize-package-bin,1,0,0.000000,False,1125134,76337126,0
npm-packlist,1,2,0.000000,True,2274368,47548330,954
npm-run-path,1,2,0.000000,False,928087,351934319,0
npmlog,1,4,0.000000,True,2841641,81404037,563
nth-check,1,1,0.000000,True,3045368,157070420,520
num2fraction,0,0,0.000000,True,2504920,17919052,768
nwsapi,0,0,0.000000,True,2022080,120271299,1183
object-assign,3,0,0.000000,True,2052350,288280230,1161
object-copy,1,3,0.000000,False,895611,46689189,0
object-hash,0,0,0.000000,True,1803533,129734102,1380
object-inspect,5,0,0.000000,True,1680414,325388952,1561
object-is,1,2,0.000000,True,2203157,83663941,975
object-keys,5,0,0.000000,False,4904,229515720,0
object.assign,4,6,0.000000,True,1477109,223384020,1909
object.entries,1,4,0.000000,True,1821810,129025284,1372
object.fromentries,3,4,0.000000,True,1845167,148052511,1363
object.getownpropertydescriptors,1,7,0.000000,True,3015809,44144797,524
object.groupby,1,3,0.000000,False,345709,111240925,0
object.values,3,4,0.000000,True,1768320,170449532,1522
obuf,2,0,0.000000,True,2904278,69432100,543
on-finished,5,1,0.000000,True,1780334,267123168,1509
on-headers,1,0,0.000000,True,3651378,116928612,336
once,2,1,0.000000,True,2121111,315658091,1116
onetime,0,1,0.000000,True,2142669,385210193,1102
open,2,6,0.000000,True,2432186,252571497,788
opn,0,1,0.000000,True,2656809,18695399,704
optimize-css-assets-webpack-plugin,0,3,0.000000,True,1417476,6360839,1952
optionator,1,6,0.000000,True,1488780,301143973,1905
original,0,1,0.000000,True,2307149,6668562,942
os-homedir,1,0,0.000000,False,482056,44043182,0
os-locale,0,1,0.000000,True,2397814,27820034,908
os-tmpdir,1,0,0.000000,False,796790,100917863,0
osenv,0,2,0.000000,True,2539491,19841730,765
own-keys,1,3,0.000000,False,0,112070695,0
p-defer,1,0,0.000000,True,1946747,32186279,1311
p-each-series,0,0,0.000000,True,1351751,22104786,1990
p-event,2,1,0.000000,False,359893,26161591,0
p-is-promise,0,0,0.000000,True,1941973,31635583,1312
p-limit,5,1,0.000033,False,1094175,728550580,0
p-locate,1,1,0.000000,False,1089447,757958832,0
p-map,1,0,0.000000,True,3047734,237707620,518
p-retry,1,1,0.000000,True,2253698,84377692,959
p-timeout,1,0,0.000000,False,566239,75733619,0
p-try,0,0,0.000000,True,1532015,271630530,1779
package-json-from-dist,1,0,0.000000,False,0,184306097,0
param-case,1,1,0.000000,True,2431340,91046552,789
parent-module,1,1,0.000000,True,2884337,259073887,549
parse-json,3,3,0.000158,True,2263531,362591733,957
parse-ms,1,0,0.000000,False,149039,46158051,0
parse5,2,1,0.000000,True,3044435,264163734,521
parseurl,5,0,0.000000,True,1734638,196702892,1533
path-is-absolute,0,0,0.000000,True,2056731,251638786,1158
path-key,2,0,0.000000,True,1771596,503049689,1519
path-parse,1,0,0.000000,True,1929330,294560167,1319
path-scurry,1,2,0.000017,False,88759,286050765,0
path-to-regexp,1,0,0.000000,True,4298330,377263414,139
path-type,1,0,0.000000,True,2428675,306585416,790
performance-now,1,0,0.000000,False,4469,101432696,0
picocolors,8,0,0.000000,True,2113229,402137996,1121
picomatch,4,0,0.000000,True,1888591,707529157,1346
pify,0,0,0.000000,True,1598855,362568902,1736
pirates,1,0,0.000000,True,2062809,180279088,1153
pkg-dir,2,1,0.000000,True,1644522,294368064,1589
pkg-up,1,1,0.000000,False,849427,42872713,0
pnp-webpack-plugin,0,1,0.000000,True,1443391,15016614,1934
portfinder,0,2,0.000000,True,2600263,40751000,746
posix-character-classes,1,0,0.000000,False,968234,45278263,0
possible-typed-array-names,2,0,0.000000,False,0,198346068,0
postcss,7,3,0.000000,True,3705251,470581740,332
postcss-attribute-case-insensitive,1,1,0.000000,True,1648429,27702917,1584
postcss-browser-comments,1,0,0.000000,False,1288134,13878568,0
postcss-calc,1,2,0.000000,True,2614783,59011064,720
postcss-clamp,1,1,0.000000,False,700458,20449528,0
postcss-color-functional-notation,1,5,0.000000,True,1631008,27620402,1701
postcss-color-hex-alpha,1,2,0.000000,True,1648613,27692936,1580
postcss-color-rebeccapurple,1,2,0.000000,True,1648600,27966856,1581
postcss-colormin,1,4,0.000000,True,2608578,57434910,725
postcss-convert-values,1,2,0.000000,True,2608449,54354590,726
postcss-custom-media,1,4,0.000000,True,1653996,27234218,1573
postcss-custom-properties,1,5,0.000000,True,1661979,29047534,1565
postcss-custom-selectors,1,4,0.000000,True,1650085,26914032,1578
postcss-dir-pseudo-class,1,1,0.000000,True,1631330,26287905,1599
postcss-discard-comments,1,1,0.000000,True,2609645,57850295,723
postcss-discard-duplicates,1,0,0.000000,True,2610183,59257400,722
postcss-discard-empty,1,0,0.000000,True,2608036,57593617,728
postcss-discard-overridden,1,0,0.000000,True,2607367,53603695,730
postcss-double-position-gradients,1,3,0.000000,True,1613631,26189230,1730
postcss-env-function,0,1,0.000000,True,1630131,19283945,1706
postcss-flexbugs-fixes,1,0,0.000000,True,1631784,23117770,1596
postcss-focus-visible,1,1,0.000000,True,1631645,25280230,1597
postcss-focus-within,1,1,0.000000,True,1640569,27371800,1590
postcss-font-variant,1,0,0.000000,True,1648471,26636429,1583
postcss-gap-properties,1,0,0.000000,True,1630252,26241014,1704
postcss-image-set-function,1,2,0.000000,True,1630164,26721034,1705
postcss-initial,0,1,0.000000,True,1648558,19472988,1582
postcss-lab-function,1,5,0.000000,True,1630291,26041225,1703
postcss-load-config,0,1,0.000000,True,2814519,107818219,580
postcss-loader,1,3,0.000000,True,2845557,68262918,562
postcss-logical,1,1,0.000000,True,1631320,27492211,1700
postcss-media-minmax,0,0,0.000000,True,1650322,19170460,1577
postcss-merge-longhand,1,2,0.000000,True,2607516,57631575,729
postcss-merge-rules,1,4,0.000000,True,2608449,55762704,727
postcss-minify-font-values,1,1,0.000000,True,2606696,56396296,732
postcss-minify-gradients,1,3,0.000000,True,2606474,55543611,734
postcss-minify-params,1,3,0.000000,True,2606663,57760908,733
postcss-minify-selectors,1,2,0.000000,True,2606910,56348381,731
postcss-modules-extract-imports,1,0,0.000000,True,2821775,88998360,578
postcss-modules-local-by-default,1,3,0.000000,True,2822309,89116555,576
postcss-modules-scope,1,1,0.000000,True,2822065,84545818,577
postcss-modules-values,1,1,0.000000,True,2820939,87246193,579
postcss-nesting,1,3,0.000000,True,1654733,31222972,1572
postcss-normalize,1,3,0.000000,False,1289167,13291937,0
postcss-normalize-charset,1,0,0.000000,True,2605480,53380622,735
postcss-normalize-display-values,1,1,0.000000,True,2401083,53279088,798
postcss-normalize-positions,1,1,0.000000,True,2401051,53061625,799
postcss-normalize-repeat-style,1,1,0.000000,True,2400931,52349889,900
postcss-normalize-string,1,1,0.000000,True,2400871,53279770,901
postcss-normalize-timing-functions,1,1,0.000000,True,2400790,50554315,903
postcss-normalize-unicode,1,2,0.000000,True,2400618,53748628,904
postcss-normalize-url,1,1,0.000000,True,2605036,55112991,736
postcss-normalize-whitespace,1,1,0.000000,True,2400823,52769714,902
postcss-opacity-percentage,1,0,0.000000,False,723185,19954734,0
postcss-ordered-values,1,2,0.000000,True,2604789,52850295,737
postcss-overflow-shorthand,1,1,0.000000,True,1630031,23380321,1707
postcss-page-break,1,0,0.000000,True,1630965,26919668,1702
postcss-place,1,1,0.000000,True,1630017,27046850,1708
postcss-preset-env,1,67,0.000000,True,1638469,27001643,1593
postcss-pseudo-class-any-link,1,1,0.000000,True,1648296,24534995,1585
postcss-reduce-initial,1,2,0.000000,True,2604174,54856619,741
postcss-reduce-transforms,1,1,0.000000,True,2604213,55319870,740
postcss-replace-overflow-wrap,1,0,0.000000,True,1647876,27191303,1586
postcss-selector-not,1,1,0.000000,True,1649800,27954149,1579
postcss-selector-parser,21,2,0.000000,True,3057693,295254683,513
postcss-svgo,1,2,0.000000,True,2604423,57835446,739
postcss-unique-selectors,1,1,0.000000,True,2604443,52862074,738
postcss-value-parser,39,0,0.000000,True,3512274,223256580,350
powershell-utils,2,0,0.000000,False,0,,0
prelude-ls,3,0,0.000000,True,1488726,290061533,1906
prepend-http,1,0,0.000000,True,2699993,46206208,594
presentable-error,1,0,0.000000,False,0,239908,0
prettier,1,0,0.000000,True,1703312,241792144,1551
pretty-bytes,2,0,0.000000,True,1933851,81362777,1317
pretty-error,1,2,0.000000,True,2235717,52720065,963
pretty-format,12,3,0.000100,True,2218177,541171141,970
pretty-ms,1,1,0.000000,False,152818,49469821,0
private,0,0,0.000000,True,2072957,18569785,1147
proc-log,1,0,0.000000,False,121119,106944399,0
process,1,0,0.000000,False,951523,148023085,0
process-nextick-args,0,0,0.000000,True,1840796,204498574,1365
promise,1,1,0.000000,True,2496111,80254641,771
prompts,2,2,0.000000,True,2075921,144168327,1145
prop-types,1,3,0.000000,True,2311807,159199944,938
proxy-addr,1,2,0.000000,True,4050584,178447812,183
punycode,2,0,0.000000,True,2016724,466243042,1185
pure-rand,1,0,0.000000,False,60919,121153539,0
q,1,0,0.000000,True,1457536,51367883,1917
qified,1,1,0.000000,False,0,1940418,0
qs,2,1,0.000000,True,2110964,398795434,1123
query-string,0,3,0.000000,True,2197788,63422251,981
querystringify,1,0,0.000000,True,2603839,115034088,742
queue-microtask,1,0,0.000000,True,2080081,252792398,1144
quick-lru,1,0,0.000000,True,1458896,113072691,1916
raf,1,1,0.000000,True,1549744,43949007,1767
randombytes,0,1,0.000000,True,1888601,152477042,1345
range-parser,3,0,0.000000,True,1777583,204732725,1513
raw-body,1,4,0.000000,True,2366092,234022388,923
rc,1,4,0.000000,True,2862005,99870202,560
react,0,0,0.000000,True,2830385,117286823,569
react-app-polyfill,1,6,0.000000,True,1357839,15982036,1985
react-dev-utils,1,24,0.000000,True,1536581,19596116,1776
react-dom,0,1,0.000000,True,2621774,107411174,716
react-error-overlay,1,0,0.000000,True,1559912,23968964,1759
react-is,3,0,0.000000,True,2549171,476715394,764
react-refresh,1,0,0.000000,False,1010091,62184577,0
react-router,1,2,0.000000,True,1472795,47668165,1910
react-router-dom,0,1,0.000000,True,1455504,77157137,1918
react-scripts,0,48,0.000000,True,1429227,11448362,1945
readable-stream,2,5,0.000000,False,1100152,812952206,0
readdirp,1,0,0.000000,True,4905460,376205034,116
recursive-readdir,1,1,0.000000,True,1560794,26058099,1758
redent,0,2,0.000000,True,2222532,129255363,967
reflect.getprototypeof,2,8,0.000333,False,363010,140228531,0
regenerate,2,0,0.000000,True,3619401,102514858,339
regenerate-unicode-properties,1,1,0.000000,True,3423176,113002511,362
regenerator-runtime,2,0,0.000000,True,4404245,222690978,133
regenerator-transform,0,1,0.000000,True,3406360,67768330,370
regex-not,3,2,0.000000,False,968882,44952010,0
regex-parser,1,0,0.000000,True,1507825,36717450,1792
regexp-tree,1,0,0.000000,False,551948,23679309,0
regexp.prototype.flags,3,6,0.000033,True,2663940,206002291,597
regexpu-core,1,6,0.000000,True,4004137,124337111,193
regjsgen,1,0,0.000000,True,3603178,108627479,342
regjsparser,1,1,0.000000,True,4011433,152888129,190
relateurl,1,0,0.000000,True,2386120,59848547,913
renderkid,1,5,0.000000,True,2232933,55125689,964
repeat-element,0,0,0.000000,True,3941861,50476818,197
repeat-string,0,0,0.000000,True,4068394,81539500,181
repeating,0,0,0.000000,True,1531232,23079003,1780
request-promise-core,1,1,0.000000,True,1930871,22499882,1318
request-promise-native,0,3,0.000000,True,1883942,15447929,1348
require-directory,0,0,0.000000,True,4338986,278669538,137
require-from-string,2,0,0.000000,True,1639741,207512510,1592
require-main-filename,0,0,0.000000,True,3489281,111741185,355
requires-port,2,0,0.000000,True,1725022,135962769,1539
reserved-identifiers,1,0,0.000000,False,0,716025,0
resolve,7,3,0.000000,True,5229428,541700923,105
resolve-cwd,1,1,0.000000,True,3467571,149568527,357
resolve-from,3,0,0.000000,False,1092323,556567266,0
resolve-url,0,0,0.000000,True,3826097,49821812,306
resolve-url-loader,1,5,0.000000,True,1583039,37147040,1746
ret,0,0,0.000000,True,3789143,82470440,309
retry,0,0,0.000000,True,2613336,226417331,721
reusify,1,0,0.000000,True,2186430,277762250,987
rgb-regex,1,0,0.000000,True,2311478,10218923,940
rgba-regex,1,0,0.000000,True,2311479,10010405,939
rimraf,1,2,0.000000,True,1981265,461768608,1301
rollup,1,1,0.000000,False,1133301,203100026,0
router,1,5,0.000000,False,40231,55631245,0
run-applescript,1,0,0.000000,False,67702,59582080,0
run-parallel,1,1,0.000000,True,1799977,265828405,1383
rxjs,0,1,0.000000,True,2616591,279503766,719
safe-array-concat,4,5,0.000017,False,627345,172871423,0
safe-buffer,4,0,0.000000,False,1261649,698588053,0
safe-push-apply,2,2,0.000017,False,0,124792436,0
safe-regex,2,1,0.000000,True,3777495,59515917,325
safe-regex-test,5,3,0.000000,False,648156,209653621,0
safer-buffer,1,0,0.000000,True,2151694,298418616,996
sanitize.css,1,0,0.000000,False,1049096,14390986,0
sass-loader,1,1,0.000000,True,2664993,64855565,596
sax,3,0,0.000000,True,4312111,189612209,138
saxes,1,1,0.000000,True,1780495,132596971,1508
scheduler,1,0,0.000000,True,2143380,127962204,1100
schema-utils,11,4,0.000000,True,1725901,385959113,1538
select-hose,1,0,0.000000,True,2883774,58590741,550
selfsigned,1,1,0.000000,True,2874002,63547479,556
semver,19,0,0.000000,False,1325167,1980549407,0
send,2,11,0.000000,True,4993661,250396608,110
serialize-javascript,3,0,0.000000,False,1239571,186491547,0
serve-index,1,7,0.000000,True,3089164,59569838,507
serve-static,1,4,0.000000,True,4975561,166108478,111
set-blocking,1,0,0.000000,True,3960025,128570878,194
set-cookie-parser,1,0,0.000000,False,58646,52522294,0
set-function-length,1,6,0.000007,False,232877,214232356,0
set-function-name,3,4,0.000000,False,273676,174334925,0
set-proto,1,3,0.000011,False,0,118310016,0
set-value,1,2,0.000000,True,3784516,66695227,310
setprototypeof,1,0,0.000000,True,5068682,266837789,107
shallow-clone,1,1,0.000000,True,2182387,86500539,989
shebang-command,1,1,0.000000,True,1885623,396968417,1347
shebang-regex,1,0,0.000000,True,1888701,424041893,1344
shell-quote,2,0,0.000000,True,2355456,144740081,924
shellwords,1,0,0.000000,True,1785236,21761678,1505
side-channel,4,5,0.000100,True,2287311,209378386,946
side-channel-list,1,2,0.000000,False,0,228383453,0
side-channel-map,2,4,0.000000,False,0,221031570,0
side-channel-weakmap,1,5,0.000000,False,0,226956431,0
signal-exit,3,0,0.000000,True,1770605,632118844,1520
simple-swizzle,0,1,0.000000,True,2152974,96903915,995
sisteransi,1,0,0.000000,True,2074555,143177160,1146
slash,14,0,0.000000,True,4015967,403546151,189
smob,1,0,0.000000,False,8590,13289235,0
snake-case,1,1,0.000000,False,170439,60222672,0
snapdragon,2,11,0.000000,True,3779990,46384332,321
snapdragon-capture,1,0,0.000000,False,159,6565,0
snapdragon-node,1,0,0.000000,True,3778633,40996739,323
snapdragon-util,1,1,0.000000,True,3777798,43610448,324
socket.io,0,7,0.000000,True,1351985,38659015,1989
socket.io-adapter,1,2,0.000000,False,1215800,35341416,0
socket.io-parser,1,3,0.000000,False,1259292,50604121,0
sockjs,1,3,0.000000,True,2898020,57094381,546
sockjs-client,0,5,0.000000,True,2327592,13437702,933
sort-keys,0,1,0.000000,True,1992155,51450198,1196
source-map,8,0,0.000000,False,1103771,950453200,0
source-map-js,3,0,0.000000,False,1275432,239447922,0
source-map-loader,1,2,0.000000,False,914893,37305746,0
source-map-resolve,2,2,0.000000,True,4169843,57807684,166
source-map-support,2,2,0.000067,True,1546799,317984926,1770
source-map-url,0,0,0.000000,True,3877255,50891788,303
spdy,1,5,0.000000,True,2882748,57436722,552
spdy-transport,1,6,0.000000,True,2882507,59106935,553
split-on-first,1,0,0.000000,False,414015,37442779,0
split-string,0,0,0.000000,True,3781840,49268954,313
sprintf-js,0,0,0.000000,True,1492049,295663481,1903
stable,0,0,0.000000,True,2520174,41778627,766
stack-utils,2,1,0.000033,True,2122038,152050265,1113
stackframe,1,0,0.000000,True,1380694,63854905,1969
static-eval,1,1,0.000000,False,132071,18556764,0
static-extend,0,2,0.000000,True,3781103,46323955,316
statuses,4,0,0.000000,True,5106018,403640204,106
stealthy-require,1,0,0.000000,True,1590783,20474985,1742
stop-iteration-iterator,2,2,0.000000,False,466093,132772812,0
strict-uri-encode,0,0,0.000000,True,2182990,53940943,988
string-length,3,1,0.000067,True,2142123,158923605,1103
string-natural-compare,1,0,0.000000,False,654592,20183573,0
string-width,5,2,0.000000,False,1106583,1145360489,0
string.prototype.includes,1,3,0.000000,False,282,55182657,0
string.prototype.matchall,2,13,0.000000,True,1431234,124866757,1943
string.prototype.repeat,1,2,0.000000,False,75067,81799043,0
string.prototype.trim,1,7,0.000000,False,522694,181633350,0
string.prototype.trimend,3,4,0.000000,True,1790656,196650725,1390
string.prototype.trimleft,0,3,0.000000,True,1345868,5705819,1995
string.prototype.trimright,0,3,0.000000,True,1345864,5394127,1996
string.prototype.trimstart,2,3,0.000000,True,1790728,185939048,1389
string_decoder,1,1,0.000000,False,1091725,625484190,0
stringify-object,1,4,0.000000,True,1584491,42654845,1744
strip-ansi,8,1,0.000033,True,2069298,1363086142,1149
strip-bom,2,0,0.000000,True,2046379,381672659,1173
strip-comments,1,0,0.000000,True,1448020,23855911,1920
strip-final-newline,1,0,0.000000,True,1746604,278975869,1529
strip-indent,1,0,0.000000,True,2444992,170272348,782
strip-json-comments,3,0,0.000000,True,1783154,404391617,1507
strtok3,1,1,0.000000,False,70737,50623968,0
style-loader,1,0,0.000000,True,2565362,74408334,759
stylehacks,1,2,0.000000,True,2395629,52855949,909
super-regex,2,3,0.000000,False,411,6881512,0
supports-color,2,0,0.000000,True,5765200,1346111791,100
supports-preserve-symlinks-flag,1,0,0.000000,False,1245746,265429737,0
svg-parser,1,0,0.000000,False,1258790,42765012,0
svgo,2,7,0.000000,True,2684916,97969798,595
symbol-observable,0,0,0.000000,True,1492619,69981963,1901
symbol-tree,1,0,0.000000,True,2132693,114774208,1110
synckit,1,1,0.000033,False,150579,93317274,0
tagged-tag,1,0,0.000000,False,0,1422856,0
tailwindcss,1,0,0.000000,False,1049673,120603635,0
tapable,6,0,0.000000,True,1921112,216806695,1321
tar,1,5,0.000000,True,3179743,208361320,396
temp-dir,1,0,0.000000,False,889505,63551091,0
tempy,1,4,0.000000,False,987313,47336640,0
terser,3,4,0.000000,True,1771735,183237707,1518
terser-webpack-plugin,2,5,0.000000,False,1172164,137525662,0
test-exclude,1,3,0.000000,True,2237876,195761813,961
text-table,1,0,0.000000,True,2282127,156710668,949
thingies,2,0,0.000000,False,197,27296361,0
throat,0,0,0.000000,True,2093703,54507577,1137
thunky,1,0,0.000000,True,2870641,55590581,557
time-span,1,1,0.000000,False,44905,11951934,0
timsort,0,0,0.000000,True,2008408,11707939,1188
tldts,1,1,0.000000,False,538,64415396,0
tldts-core,1,0,0.000000,False,1452,79357110,0
tmpl,1,0,0.000000,True,1401565,136369823,1958
to-fast-properties,1,0,0.000000,True,4631839,99394519,122
to-object-path,0,1,0.000000,True,3784348,47574651,311
to-regex,2,4,0.000000,True,3780644,46790828,319
to-regex-range,1,1,0.000067,True,5300496,353603756,103
toidentifier,1,0,0.000000,True,4368444,206140944,135
tough-cookie,2,1,0.000000,True,1773813,257249908,1514
tr46,1,1,0.000000,True,2433040,429980793,787
tree-dump,2,0,0.000000,False,0,27544104,0
trim-newlines,0,0,0.000000,True,1349635,63432896,1993
trim-right,0,0,0.000000,True,1419753,15981590,1950
tryer,1,0,0.000000,False,1083621,18313503,0
ts-api-utils,3,0,0.000000,False,3608,185129322,0
ts-pnp,1,0,0.000000,True,1400278,13751156,1960
tsconfig-paths,1,3,0.000000,False,914913,214124378,0
tslib,3,0,0.000000,True,1726336,1148431593,1536
tsutils,0,1,0.000000,True,2391438,79661436,911
type-check,2,1,0.000000,True,2192557,295778577,983
type-detect,1,0,0.000000,True,1341557,189457789,1999
type-fest,6,1,0.000100,True,3278996,961163450,382
type-is,2,3,0.000000,True,1827489,221029274,1370
typed-array-buffer,1,3,0.000000,False,559526,180726558,0
typed-array-byte-length,1,5,0.000008,False,424998,171525206,0
typed-array-byte-offset,1,7,0.000191,False,412885,166224052,0
typed-array-length,1,6,0.000208,False,617899,165403035,0
typedarray-to-buffer,0,0,0.000000,True,1558644,77043995,1760
typescript,0,0,0.000000,True,2104747,299373154,1127
uglify-js,0,0,0.000000,True,2199119,125694080,977
unbox-primitive,1,4,0.000166,False,1097173,190909758,0
underscore,1,0,0.000000,False,738210,64994391,0
undici-types,1,0,0.000000,False,0,422147769,0
unicode-canonical-property-names-ecmascript,1,0,0.000000,True,3422841,113100370,365
unicode-match-property-ecmascript,1,2,0.000000,True,3422853,112669111,364
unicode-match-property-value-ecmascript,1,0,0.000000,True,3422854,118886514,363
unicode-property-aliases-ecmascript,1,0,0.000000,True,3422378,106204933,366
unicorn-magic,3,0,0.000000,False,16,82170227,0
union-value,0,2,0.000000,True,3781195,48447545,315
uniq,0,0,0.000000,True,2339857,22158245,930
uniqs,0,0,0.000000,True,2093938,10141194,1136
unique-string,1,1,0.000000,True,1699885,84613250,1554
universalify,2,0,0.000000,True,3543281,421629735,347
unpipe,1,0,0.000000,True,5053604,201525167,108
unquote,0,0,0.000000,True,2337561,24385112,931
unrs-resolver,1,1,0.000033,False,0,63668959,0
unset-value,0,2,0.000000,True,3780809,47067911,318
upath,2,0,0.000000,True,3720651,70203129,330
update-browserslist-db,1,2,0.000033,True,1574874,283970380,1752
uri-js,0,1,0.000000,True,4745435,282901005,119
urix,0,0,0.000000,True,3824956,48307244,307
url-extras,1,0,0.000000,False,0,473,0
url-loader,0,3,0.000000,True,1710143,23052207,1548
url-parse,2,2,0.000000,True,2588673,116878598,752
url-parse-lax,0,1,0.000000,True,1556649,35396884,1763
use,1,0,0.000000,True,3780112,47332630,320
util-deprecate,1,0,0.000000,True,2198932,281493243,978
util.promisify,0,12,0.000000,True,2823576,39207158,575
utila,1,0,0.000000,True,2220777,46715535,968
utils-merge,0,0,0.000000,True,4948638,159393729,114
uuid,2,0,0.000000,False,1006437,746048809,0
v8-compile-cache,0,0,0.000000,True,2512522,45830552,767
v8-to-istanbul,1,3,0.000000,False,1099851,129562026,0
vary,3,0,0.000000,True,4406042,185740376,132
vendors,0,0,0.000000,True,2093555,11556167,1138
w3c-hr-time,0,1,0.000000,True,2023817,43448245,1181
w3c-xmlserializer,1,1,0.000000,True,1766365,138813353,1524
walker,1,1,0.000067,False,983878,132872312,0
watchpack,1,2,0.000000,True,1912953,134424195,1324
wbuf,2,1,0.000000,True,2880775,58074556,554
web-worker,1,0,0.000000,False,14515,5780847,0
webidl-conversions,3,0,0.000000,True,2433200,469494029,786
webpack,1,25,0.000000,False,3177,144196551,0
webpack-dev-middleware,1,6,0.000000,True,3037167,93043689,523
webpack-dev-server,1,28,0.000000,True,2955806,65048141,531
webpack-log,0,3,0.000000,True,2235830,15304133,962
webpack-manifest-plugin,1,2,0.000000,True,1436872,18933212,1938
webpack-merge,0,3,0.000000,True,1382156,68794473,1968
webpack-sources,4,0,0.000000,False,1232693,176151814,0
websocket-driver,2,3,0.000000,True,3054684,82225786,514
websocket-extensions,1,0,0.000000,True,3053754,81708375,515
whatwg-encoding,2,1,0.000000,True,2120358,157991042,1117
whatwg-fetch,1,0,0.000000,True,1998972,63991928,1191
whatwg-mimetype,2,0,0.000000,True,2081415,176723515,1143
whatwg-url,2,2,0.000000,True,1350571,445634596,1992
which,3,1,0.000000,False,4804,640105403,0
which-boxed-primitive,3,5,0.000100,True,1526713,192109567,1783
which-builtin-type,1,13,0.000299,False,374956,138288865,0
which-collection,2,4,0.000100,False,454166,158805907,0
which-module,0,0,0.000000,True,3468922,107379996,356
which-typed-array,4,7,0.000017,False,1061976,240517600,0
wide-align,1,1,0.000000,True,2924368,64124554,534
wildcard,1,0,0.000000,False,523867,52348805,0
word-wrap,1,0,0.000000,True,2368421,231669279,920
wordwrap,0,0,0.000000,True,2192392,124533904,984
workbox-background-sync,2,2,0.000000,True,1444118,22407753,1930
workbox-broadcast-update,1,1,0.000000,True,1353586,22324844,1987
workbox-build,1,37,0.000000,True,1446844,22428442,1922
workbox-cacheable-response,2,1,0.000000,True,1444506,21644603,1929
workbox-core,14,0,0.000000,True,1445035,24581931,1925
workbox-expiration,2,2,0.000000,True,1354025,20308771,1986
workbox-google-analytics,1,4,0.000000,True,1444080,20470224,1931
workbox-navigation-preload,1,1,0.000000,True,1441941,22636303,1935
workbox-precaching,2,3,0.000000,True,1444667,18533275,1928
workbox-range-requests,1,1,0.000000,True,1443581,22391618,1932
workbox-recipes,1,6,0.000000,False,736427,17189109,0
workbox-routing,5,1,0.000000,True,1444875,22711947,1926
workbox-strategies,4,1,0.000000,True,1444855,21944682,1927
workbox-streams,1,2,0.000000,True,1443553,21438802,1933
workbox-sw,1,0,0.000000,True,1445554,22442379,1924
workbox-webpack-plugin,1,5,0.000000,True,1402349,15170787,1957
workbox-window,1,2,0.000000,True,1353374,22365358,1988
wrap-ansi,1,3,0.000000,True,4485420,891869804,129
wrappy,2,0,0.000000,True,2102639,323326276,1128
write-file-atomic,1,2,0.000067,True,3006428,300142631,525
ws,4,0,0.000000,False,900116,525189263,0
wsl-utils,1,2,0.000000,False,0,29851856,0
xml-name-validator,2,0,0.000000,True,2142865,157666172,1101
xmlchars,1,0,0.000000,True,1779785,123102713,1510
xtend,0,0,0.000000,True,1446059,186508569,1923
y18n,1,0,0.000000,True,1652118,399405807,1575
yallist,1,0,0.000000,False,1187300,717407707,0
yaml,0,0,0.000000,True,1894156,361652980,1342
yargs,1,6,0.000000,True,4893685,545186829,117
yargs-parser,1,0,0.000000,True,4384968,577498477,134
yocto-queue,1,0,0.000000,False,1236763,352043942,0
yoctocolors,2,0,0.000000,False,22,26887299,0
zod,1,0,0.000000,False,122785,225398384,0
zod-validation-error,1,0,0.000000,False,426,21723224,0
