package,risk_score,in_degree,out_degree,betweenness,is_topN
tslib,0.500000,138,0,0.000000,True
es-abstract,0.431785,14,54,0.000250,True
get-intrinsic,0.392937,19,10,0.000299,True
@smithy/types,0.339366,93,1,0.000000,True
@babel/helper-plugin-utils,0.293478,81,0,0.000000,True
@aws-sdk/credential-provider-node,0.271994,18,12,0.000177,True
@aws-sdk/core,0.261914,31,13,0.000118,True
call-bound,0.253485,39,2,0.000107,True
@aws-sdk/nested-clients,0.245554,4,38,0.000139,False
@jest/types,0.242459,24,7,0.000138,True
side-channel,0.232483,3,5,0.000209,True
jest-snapshot,0.224549,5,21,0.000155,True
@puppeteer/browsers,0.220782,2,7,0.000196,False
@aws-sdk/types,0.217789,57,2,0.000006,True
jest-util,0.208899,20,6,0.000122,True
telecom-mas-agent,0.203623,1,83,0.000000,True
call-bind,0.195697,27,4,0.000088,True
@smithy/smithy-client,0.195157,28,7,0.000077,True
debug,0.179578,40,1,0.000032,True
@babel/traverse,0.178945,17,7,0.000100,True
@jest/transform,0.176637,6,15,0.000118,True
@babel/preset-env,0.168675,0,70,0.000000,True
@smithy/protocol-http,0.167863,45,2,0.000000,True
@smithy/util-utf8,0.166881,35,2,0.000035,True
jest-haste-map,0.160290,6,10,0.000114,True
@smithy/core,0.152152,26,10,0.000034,True
qs,0.147462,8,1,0.000116,True
@smithy/node-config-provider,0.144649,34,4,0.000012,True
@types/node,0.143745,31,1,0.000029,True
@aws-crypto/sha256-browser,0.137692,20,7,0.000048,False
@aws-sdk/client-s3,0.136153,1,55,0.000000,False
@smithy/node-http-handler,0.127760,22,5,0.000036,True
@smithy/middleware-endpoint,0.127328,23,8,0.000025,True
define-properties,0.125091,22,3,0.000038,True
@babel/core,0.120492,4,15,0.000070,True
@smithy/url-parser,0.113131,23,3,0.000022,True
@smithy/middleware-retry,0.112958,20,9,0.000019,True
es-errors,0.112319,31,0,0.000000,True
@aws-sdk/client-s3-control,0.112057,1,45,0.000000,False
@smithy/config-resolver,0.111900,22,6,0.000018,True
@smithy/fetch-http-handler,0.110028,22,5,0.000018,True
@smithy/util-middleware,0.109892,29,2,0.000000,True
@aws-sdk/client-lambda,0.109647,1,44,0.000000,False
@smithy/util-base64,0.107266,25,3,0.000009,True
cypress,0.104828,1,42,0.000000,False
execa,0.103868,2,12,0.000067,True
@aws-sdk/middleware-recursion-detection,0.103856,20,5,0.000019,True
@smithy/util-defaults-mode-node,0.103840,20,7,0.000014,True
@babel/types,0.103083,18,2,0.000033,True
@aws-sdk/client-ec2,0.102418,1,41,0.000000,False
@aws-sdk/client-dynamodb,0.102418,1,41,0.000000,False
@aws-sdk/client-rds,0.102418,1,41,0.000000,False
@aws-sdk/client-cloudfront,0.102418,1,41,0.000000,False
@aws-sdk/client-sqs,0.102418,1,41,0.000000,False
@aws-sdk/client-cloudwatch,0.102418,1,41,0.000000,False
@aws-sdk/util-user-agent-browser,0.101447,20,4,0.000019,True
proxy-agent,0.100278,1,8,0.000077,False
@aws-sdk/client-iam,0.100009,1,40,0.000000,False
@aws-sdk/client-ses,0.100009,1,40,0.000000,False
@aws-sdk/client-cloudformation,0.100009,1,40,0.000000,False
@aws-sdk/client-kms,0.097599,1,39,0.000000,False
@aws-sdk/client-secrets-manager,0.097599,1,39,0.000000,False
@aws-sdk/client-sns,0.097599,1,39,0.000000,False
@aws-sdk/client-cloudsearch,0.097599,1,39,0.000000,False
@aws-sdk/client-cloudhsm,0.097599,1,39,0.000000,False
@aws-sdk/client-cloudtrail,0.097599,1,39,0.000000,False
@aws-sdk/client-sso,0.095189,1,38,0.000000,True
chalk,0.094203,26,0,0.000000,True
@aws-crypto/sha256-js,0.092988,21,3,0.000010,True
@smithy/util-retry,0.092988,21,3,0.000010,True
@aws-sdk/middleware-user-agent,0.092954,21,7,0.000000,True
@inquirer/core,0.092187,11,7,0.000035,False
@aws-sdk/util-endpoints,0.091758,22,5,0.000000,True
babel-preset-current-node-syntax,0.091752,2,15,0.000048,True
@smithy/hash-node,0.090915,20,4,0.000009,True
@smithy/util-endpoints,0.090562,23,3,0.000000,True
@babel/helper-module-transforms,0.089826,5,3,0.000064,True
internal-slot,0.089427,4,3,0.000067,True
side-channel-map,0.087815,2,4,0.000071,True
@smithy/middleware-serde,0.086939,22,3,0.000000,True
side-channel-weakmap,0.086601,1,5,0.000071,True
jest-message-util,0.085461,9,9,0.000031,True
@smithy/util-defaults-mode-browser,0.085326,20,4,0.000003,True
micromatch,0.084592,6,2,0.000058,True
@aws-sdk/region-config-resolver,0.084512,20,5,0.000000,True
@aws-sdk/util-user-agent-node,0.084512,20,5,0.000000,True
@aws-sdk/middleware-host-header,0.082102,20,4,0.000000,True
eslint,0.081928,0,34,0.000000,True
@smithy/middleware-stack,0.080906,21,2,0.000000,True
@smithy/middleware-content-length,0.079693,20,3,0.000000,True
@aws-sdk/middleware-logger,0.079693,20,3,0.000000,True
@smithy/util-stream,0.079267,8,8,0.000031,True
@smithy/util-body-length-browser,0.078497,21,1,0.000000,True
@smithy/invalid-dependency,0.077283,20,2,0.000000,True
get-proto,0.076792,8,2,0.000043,True
@babel/code-frame,0.076523,6,3,0.000047,True
d3,0.075912,1,30,0.000000,False
pretty-format,0.074888,12,3,0.000024,True
@smithy/util-body-length-node,0.074873,20,1,0.000000,True
@jest/core,0.074716,2,28,0.000000,True
es-object-atoms,0.074482,17,1,0.000010,True
fast-glob,0.074104,2,5,0.000055,True
jest-validate,0.069113,5,6,0.000036,True
semver,0.068841,19,0,0.000000,True
graceful-fs,0.068841,19,0,0.000000,True
babel-plugin-istanbul,0.068730,2,5,0.000049,True
express,0.068683,1,27,0.000000,True
pac-proxy-agent,0.068037,1,8,0.000045,False
@typespec/ts-http-runtime,0.066460,3,3,0.000048,False
jest-config,0.065078,2,24,0.000000,True
@jridgewell/trace-mapping,0.064418,12,2,0.000016,True
which-builtin-type,0.063965,1,13,0.000029,True
jest-runtime,0.063882,3,22,0.000000,True
hasown,0.063881,14,1,0.000011,True
@babel/helper-compilation-targets,0.062804,6,5,0.000029,True
@babel/generator,0.062681,3,5,0.000040,True
gopd,0.061594,17,0,0.000000,True
@aws-sdk/credential-provider-ini,0.061539,1,14,0.000024,True
jest-runner,0.060258,2,22,0.000000,True
webpack,0.060241,0,25,0.000000,True
@smithy/signature-v4,0.059800,5,8,0.000022,True
@jest/reporters,0.059045,1,23,0.000000,True
reflect.getprototypeof,0.058764,2,8,0.000032,True
@aws-sdk/credential-provider-sso,0.058764,2,8,0.000032,True
yargs,0.057169,2,6,0.000035,True
@smithy/property-provider,0.055544,14,2,0.000000,True
which-boxed-primitive,0.054759,2,5,0.000035,True
jest-resolve,0.053114,4,8,0.000019,True
jest-circus,0.051816,1,20,0.000000,True
request,0.051816,1,20,0.000000,False
sshpk,0.051103,1,9,0.000026,False
minipass,0.050725,14,0,0.000000,True
is-weakset,0.050355,1,2,0.000042,True
mongodb,0.049940,2,3,0.000035,False
@aws-sdk/xml-builder,0.049541,1,3,0.000039,False
glob,0.048312,6,3,0.000019,True
@aws-crypto/util,0.048312,6,3,0.000019,True
@smithy/util-waiter,0.048297,10,3,0.000005,False
jsdom,0.048193,0,20,0.000000,True
minimatch,0.047915,9,1,0.000013,True
wrap-ansi,0.047913,5,3,0.000022,True
@istanbuljs/load-nyc-config,0.047912,1,5,0.000032,True
mongodb-connection-string-url,0.047131,1,2,0.000039,False
@cypress/request,0.046997,1,18,0.000000,False
extract-zip,0.045902,2,4,0.000029,False
browserslist,0.045885,4,5,0.000019,True
jest-worker,0.045885,4,5,0.000019,True
eslint-plugin-import,0.045783,0,19,0.000000,True
has-tostringtag,0.045489,11,1,0.000003,True
braces,0.044722,1,1,0.000039,True
https-proxy-agent,0.044690,7,2,0.000014,True
find-up,0.044306,2,2,0.000032,True
strip-ansi,0.044291,8,1,0.000013,True
parse-json,0.044290,4,3,0.000022,True
@azure/core-rest-pipeline,0.044257,4,7,0.000013,False
tar-fs,0.043907,1,2,0.000035,True
@inquirer/type,0.043478,12,0,0.000000,False
slash,0.043478,12,0,0.000000,True
@jest/test-result,0.043460,8,4,0.000005,True
eslint-plugin-react,0.043373,0,18,0.000000,True
string-width,0.043078,7,2,0.000013,True
http-errors,0.042661,4,5,0.000016,True
sequelize,0.042177,1,16,0.000000,False
es-iterator-helpers,0.042177,1,16,0.000000,False
@smithy/util-buffer-from,0.042042,4,2,0.000023,True
@azure/core-util,0.041864,6,3,0.000013,False
@types/babel__core,0.041863,2,5,0.000022,True
@aws-sdk/middleware-sdk-s3,0.040981,2,14,0.000000,False
safe-buffer,0.039855,11,0,0.000000,True
@babel/helper-create-regexp-features-plugin,0.039838,9,3,0.000000,True
@smithy/eventstream-codec,0.039054,1,4,0.000026,False
typed-array-byte-offset,0.039029,1,7,0.000018,True
fill-range,0.038274,1,1,0.000032,True
@babel/template,0.038241,5,3,0.000013,True
typed-array-length,0.038231,1,6,0.000020,True
pac-resolver,0.037459,1,2,0.000029,False
http-proxy-agent,0.037444,5,2,0.000014,True
@smithy/shared-ini-file-loader,0.037428,9,2,0.000000,True
@azure/storage-blob,0.037358,1,14,0.000000,False
svelte,0.037358,1,14,0.000000,False
has-symbols,0.036232,10,0,0.000000,True
@azure/logger,0.035832,5,2,0.000013,False
locate-path,0.035049,1,1,0.000029,True
whatwg-url,0.035033,3,2,0.000019,True
@asamuzakjp/css-color,0.035016,1,5,0.000019,False
@jest/fake-timers,0.035000,3,6,0.000010,True
@babel/helper-create-class-features-plugin,0.034983,5,7,0.000000,True
@typescript-eslint/typescript-estree,0.034966,3,10,0.000000,True
jsonwebtoken,0.034966,3,10,0.000000,False
@aws-sdk/middleware-flexible-checksums,0.034948,1,13,0.000000,False
string.prototype.matchall,0.034948,1,13,0.000000,True
mime-types,0.034619,8,1,0.000003,True
@octokit/types,0.034220,7,1,0.000006,True
send,0.033752,2,11,0.000000,True
degenerator,0.033421,1,3,0.000022,False
call-bind-apply-helpers,0.033176,4,2,0.000014,True
which-typed-array,0.032972,4,7,0.000002,True
lru-cache,0.032609,9,0,0.000000,True
@jest/get-type,0.032609,9,0,0.000000,False
@types/estree,0.032609,9,0,0.000000,True
cross-spawn,0.032607,3,3,0.000014,True
escodegen,0.032606,1,4,0.000019,True
got,0.032539,1,12,0.000000,True
@slack/web-api,0.032539,1,12,0.000000,False
fast-xml-parser,0.032225,2,1,0.000022,True
@aws-sdk/credential-provider-web-identity,0.032174,2,7,0.000008,True
@smithy/querystring-builder,0.032069,3,3,0.000014,True
define-data-property,0.032062,5,3,0.000007,True
get-stream,0.031809,3,2,0.000016,True
@azure/abort-controller,0.031395,8,1,0.000000,False
@aws-sdk/credential-provider-http,0.031343,2,10,0.000000,True
ts-node,0.031325,0,13,0.000000,True
@aws-sdk/middleware-bucket-endpoint,0.030961,3,7,0.000003,False
iconv-lite,0.030597,6,1,0.000006,True
@aws-crypto/crc32,0.030596,2,3,0.000016,False
tar-stream,0.030197,1,3,0.000019,True
streamx,0.030197,1,3,0.000019,False
@webassemblyjs/ast,0.030182,7,2,0.000000,True
readable-stream,0.030164,5,5,0.000000,True
array-includes,0.030147,3,8,0.000000,True
cheerio,0.030129,1,11,0.000000,False
winston,0.030129,1,11,0.000000,False
cacache,0.030129,1,11,0.000000,True
firebase-admin,0.030129,1,11,0.000000,False
p-limit,0.029799,4,1,0.000013,True
domutils,0.029782,4,3,0.000008,True
domhandler,0.029384,7,1,0.000002,True
unbox-primitive,0.029382,1,4,0.000016,True
uuid,0.028986,8,0,0.000000,True
jest-mock,0.028968,6,3,0.000000,True
@jest/console,0.028951,4,6,0.000000,True
body-parser,0.028933,2,9,0.000000,True
protobufjs,0.028916,0,12,0.000000,True
@babel/parser,0.027772,7,1,0.000000,True
is-typed-array,0.027772,7,1,0.000000,True
socks-proxy-agent,0.027771,3,3,0.000010,True
type-is,0.027771,3,3,0.000010,True
set-function-name,0.027762,3,4,0.000007,True
ajv,0.027754,5,4,0.000000,True
@jest/environment,0.027754,5,4,0.000000,True
@aws-sdk/middleware-endpoint-discovery,0.027753,1,6,0.000010,False
google-auth-library,0.027737,3,7,0.000000,False
@smithy/middleware-compression,0.027720,1,10,0.000000,False
@inquirer/prompts,0.027720,1,10,0.000000,False
aws-sdk,0.027720,1,10,0.000000,False
jest-cli,0.027720,1,10,0.000000,True
type-fest,0.027373,6,1,0.000003,True
d3-interpolate,0.027373,6,1,0.000003,False
form-data,0.026541,4,5,0.000000,True
jest-watcher,0.026523,2,8,0.000000,True
make-fetch-happen,0.026506,0,11,0.000000,True
jsprim,0.026158,1,4,0.000013,False
@jest/schemas,0.025776,2,1,0.000016,True
p-locate,0.025377,1,1,0.000019,True
jest-regex-util,0.025362,7,0,0.000000,True
@typescript-eslint/types,0.025362,7,0,0.000000,True
acorn,0.025362,7,0,0.000000,True
@jest/pattern,0.025361,3,2,0.000010,False
@webassemblyjs/wasm-parser,0.025327,3,6,0.000000,True
expect,0.025327,3,6,0.000000,True
@eslint/eslintrc,0.025310,1,9,0.000000,True
fontkit,0.025310,1,9,0.000000,False
@azure/storage-common,0.025310,1,9,0.000000,False
ioredis,0.025310,1,9,0.000000,False
safe-regex-test,0.024946,4,3,0.000003,True
regexp.prototype.flags,0.024928,2,6,0.000003,True
function.prototype.name,0.024928,2,6,0.000003,True
@nodelib/fs.walk,0.024563,1,2,0.000016,True
@aws-sdk/middleware-sdk-s3-control,0.024512,1,8,0.000002,False
has-property-descriptors,0.024149,6,1,0.000000,True
@babel/helper-annotate-as-pure,0.024149,6,1,0.000000,True
gaxios,0.024131,4,4,0.000000,False
@azure/core-client,0.024114,2,7,0.000000,False
jest-environment-node,0.024114,2,7,0.000000,True
on-finished,0.023750,5,1,0.000003,True
once,0.023750,5,1,0.000003,True
d3-array,0.023750,5,1,0.000003,False
keyv,0.023750,5,1,0.000003,True
set-function-length,0.023669,1,6,0.000006,True
@smithy/hash-blob-browser,0.023333,2,4,0.000006,False
@babel/helper-skip-transparent-expression-wrappers,0.022935,5,2,0.000000,True
which-collection,0.022934,1,4,0.000010,True
@smithy/credential-provider-imds,0.022918,3,5,0.000000,True
@webassemblyjs/wasm-gen,0.022918,3,5,0.000000,True
@babel/helper-define-polyfill-provider,0.022918,3,5,0.000000,True
d3-transition,0.022918,3,5,0.000000,False
@aws-sdk/middleware-sdk-ec2,0.022900,1,8,0.000000,False
@aws-sdk/credential-provider-login,0.022900,1,8,0.000000,False
@webassemblyjs/wasm-edit,0.022900,1,8,0.000000,True
es-shim-unscopables,0.022675,5,1,0.000002,True
@jridgewell/gen-mapping,0.022536,4,2,0.000003,True
istanbul-lib-instrument,0.022519,2,5,0.000003,True
is-generator-function,0.022519,2,5,0.000003,True
to-regex-range,0.022153,1,1,0.000016,True
@types/istanbul-reports,0.022153,1,1,0.000016,True
@types/yargs,0.022153,1,1,0.000016,True
unicode-trie,0.022137,3,2,0.000006,False
assert-plus,0.021739,6,0,0.000000,True
agent-base,0.021739,6,0,0.000000,True
ms,0.021739,6,0,0.000000,True
picocolors,0.021739,6,0,0.000000,True
lodash,0.021739,6,0,0.000000,True
picomatch,0.021739,6,0,0.000000,True
hookified,0.021739,6,0,0.000000,False
d3-dispatch,0.021739,6,0,0.000000,False
@azure/core-auth,0.021722,4,3,0.000000,False
axios,0.021722,4,3,0.000000,True
is-data-view,0.021722,4,3,0.000000,True
logform,0.021704,2,6,0.000000,False
object.assign,0.021704,2,6,0.000000,True
@aws-sdk/credential-provider-process,0.021704,2,6,0.000000,True
ora,0.021687,0,9,0.000000,True
@typescript-eslint/eslint-plugin,0.021687,0,9,0.000000,True
is-regex,0.021314,3,4,0.000001,True
es-set-tostringtag,0.021314,3,4,0.000001,True
is-symbol,0.020923,2,3,0.000006,True
@smithy/eventstream-serde-universal,0.020923,2,3,0.000006,False
safe-array-concat,0.020907,2,5,0.000002,True
@smithy/is-array-buffer,0.020526,5,1,0.000000,True
cliui,0.020524,1,3,0.000010,True
jest-matcher-utils,0.020508,3,4,0.000000,True
object.values,0.020508,3,4,0.000000,True
multer,0.020491,1,7,0.000000,False
puppeteer-core,0.020491,1,7,0.000000,False
cacheable-request,0.020491,1,7,0.000000,False
@aws-sdk/token-providers,0.020491,1,7,0.000000,True
@aws-sdk/middleware-sdk-rds,0.020491,1,7,0.000000,False
@firebase/database,0.020491,1,7,0.000000,False
string.prototype.trim,0.020491,1,7,0.000000,True
bull,0.020491,1,7,0.000000,False
array.prototype.findlastindex,0.020491,1,7,0.000000,True
twilio,0.020491,1,7,0.000000,False
arraybuffer.prototype.slice,0.020491,1,7,0.000000,True
compression,0.020491,1,7,0.000000,False
@octokit/core,0.020491,1,7,0.000000,False
babel-jest,0.020491,1,7,0.000000,True
is-glob,0.020126,4,1,0.000003,True
jest-diff,0.020109,2,4,0.000003,True
whatwg-encoding,0.019727,3,1,0.000006,True
js-yaml,0.019727,3,1,0.000006,True
cron-parser,0.019727,3,1,0.000006,False
@typescript-eslint/visitor-keys,0.019312,4,2,0.000000,True
buffer,0.019312,4,2,0.000000,True
@smithy/eventstream-serde-node,0.019311,2,3,0.000005,False
@smithy/eventstream-serde-browser,0.019311,2,3,0.000005,False
@aws-sdk/credential-provider-env,0.019295,2,5,0.000000,True
@octokit/request,0.019295,2,5,0.000000,False
@testing-library/dom,0.019277,0,8,0.000000,True
@mongodb-js/saslprep,0.018929,1,1,0.000013,False
walker,0.018929,1,1,0.000013,True
fb-watchman,0.018929,1,1,0.000013,True
@jest/source-map,0.018912,1,3,0.000008,True
is-async-function,0.018895,1,5,0.000003,True
css-tree,0.018514,2,2,0.000006,True
yauzl,0.018514,2,2,0.000006,False
chromium-bidi,0.018514,2,2,0.000006,False
eslint-visitor-keys,0.018116,5,0,0.000000,True
fast-deep-equal,0.018116,5,0,0.000000,True
base64-js,0.018116,5,0,0.000000,True
function-bind,0.018116,5,0,0.000000,True
@webassemblyjs/helper-wasm-bytecode,0.018116,5,0,0.000000,True
object-inspect,0.018116,5,0,0.000000,True
@babel/helper-validator-identifier,0.018116,5,0,0.000000,True
events,0.018116,5,0,0.000000,True
@inquirer/ansi,0.018116,5,0,0.000000,False
signal-exit,0.018116,5,0,0.000000,True
es-define-property,0.018116,5,0,0.000000,True
domelementtype,0.018116,5,0,0.000000,True
is-stream,0.018116,5,0,0.000000,True
@jridgewell/sourcemap-codec,0.018116,5,0,0.000000,True
estraverse,0.018116,5,0,0.000000,True
pump,0.018115,1,2,0.000010,True
default-browser,0.018115,1,2,0.000010,False
resolve,0.018098,3,3,0.000000,True
@babel/helper-replace-supers,0.018098,3,3,0.000000,True
dunder-proto,0.018098,3,3,0.000000,True
@smithy/md5-js,0.018098,3,3,0.000000,False
is-array-buffer,0.018098,3,3,0.000000,True
@babel/plugin-transform-classes,0.018081,1,6,0.000000,True
optionator,0.018081,1,6,0.000000,True
@aws-sdk/signature-v4-multi-region,0.018081,1,6,0.000000,False
array.prototype.findlast,0.018081,1,6,0.000000,False
@aws-crypto/sha1-browser,0.018081,1,6,0.000000,False
regexpu-core,0.018081,1,6,0.000000,True
puppeteer,0.018081,1,6,0.000000,False
@aws-sdk/middleware-sdk-sqs,0.018081,1,6,0.000000,False
mongoose,0.018081,1,6,0.000000,False
@firebase/database-compat,0.018081,1,6,0.000000,False
@isaacs/cliui,0.018081,1,6,0.000000,True
finalhandler,0.018081,1,6,0.000000,True
iterator.prototype,0.018081,1,6,0.000000,False
listr2,0.018081,1,6,0.000000,True
cheerio-select,0.018081,1,6,0.000000,False
jwks-rsa,0.018081,1,6,0.000000,False
agenda,0.018081,1,6,0.000000,False
has-proto,0.017977,4,1,0.000001,True
dom-serializer,0.017699,2,3,0.000003,True
is-string,0.017570,3,2,0.000002,True
get-uri,0.017300,1,3,0.000006,False
es-to-primitive,0.017300,1,3,0.000006,True
jwa,0.017300,1,3,0.000006,True
@azure/core-tracing,0.016902,4,1,0.000000,False
@firebase/util,0.016902,4,1,0.000000,False
@smithy/util-hex-encoding,0.016902,4,1,0.000000,True
parse5,0.016902,4,1,0.000000,True
@smithy/util-config-provider,0.016902,4,1,0.000000,True
for-each,0.016902,4,1,0.000000,True
@typescript-eslint/utils,0.016885,2,4,0.000000,True
array.prototype.flat,0.016885,2,4,0.000000,True
object.fromentries,0.016885,2,4,0.000000,True
schema-utils,0.016885,2,4,0.000000,True
string.prototype.trimend,0.016885,2,4,0.000000,True
@aws-sdk/util-format-url,0.016885,2,4,0.000000,False
array.prototype.flatmap,0.016885,2,4,0.000000,True
inquirer,0.016867,0,7,0.000000,True
moment-timezone,0.016503,3,1,0.000003,False
raw-body,0.016486,1,4,0.000003,True
@smithy/middleware-apply-body-checksum,0.016486,1,4,0.000003,False
@jest/globals,0.016486,1,4,0.000003,True
@jest/snapshot-utils,0.016486,1,4,0.000003,False
typed-array-byte-length,0.016477,1,5,0.000001,True
stack-utils,0.016104,2,1,0.000006,True
glob-parent,0.016104,2,1,0.000006,True
sparse-bitfield,0.015705,1,1,0.000010,False
d3-drag,0.015689,3,2,0.000000,False
@typescript-eslint/scope-manager,0.015689,3,2,0.000000,True
@babel/plugin-transform-destructuring,0.015689,3,2,0.000000,True
jws,0.015689,3,2,0.000000,True
read-pkg,0.015671,1,5,0.000000,True
pdfkit,0.015671,1,5,0.000000,False
redis,0.015671,1,5,0.000000,False
terser-webpack-plugin,0.015671,1,5,0.000000,True
morgan,0.015671,1,5,0.000000,False
array.prototype.tosorted,0.015671,1,5,0.000000,False
googleapis-common,0.015671,1,5,0.000000,False
@babel/plugin-transform-object-rest-spread,0.015671,1,5,0.000000,False
router,0.015671,1,5,0.000000,False
@npmcli/agent,0.015671,1,5,0.000000,False
log-update,0.015671,1,5,0.000000,True
d3-brush,0.015671,1,5,0.000000,False
d3-scale,0.015671,1,5,0.000000,False
d3-zoom,0.015671,1,5,0.000000,False
jest-each,0.015671,1,5,0.000000,True
@typescript-eslint/type-utils,0.015671,1,5,0.000000,True
@babel/preset-modules,0.015671,1,5,0.000000,False
util,0.015671,1,5,0.000000,True
@asamuzakjp/dom-selector,0.015671,1,5,0.000000,False
cacheable,0.015671,1,5,0.000000,False
css-select,0.015671,1,5,0.000000,True
@babel/helper-module-imports,0.015290,2,2,0.000003,True
spdx-expression-parse,0.015290,2,2,0.000003,True
@babel/helper-member-expression-to-functions,0.015021,2,2,0.000003,True
available-typed-arrays,0.014891,3,1,0.000002,True
anymatch,0.014891,1,2,0.000006,True
socks,0.014891,1,2,0.000006,True
url-parse,0.014891,1,2,0.000006,True
write-file-atomic,0.014891,1,2,0.000006,True
@azure/core-xml,0.014891,1,2,0.000006,False
@aws-sdk/endpoint-cache,0.014891,1,2,0.000006,False
@nodelib/fs.scandir,0.014891,1,2,0.000006,True
ci-info,0.014493,4,0,0.000000,True
inherits,0.014493,4,0,0.000000,True
@types/istanbul-lib-coverage,0.014493,4,0,0.000000,True
d3-selection,0.014493,4,0,0.000000,False
is-callable,0.014493,4,0,0.000000,True
extend,0.014493,4,0,0.000000,True
parseurl,0.014493,4,0,0.000000,True
escape-html,0.014493,4,0,0.000000,True
istanbul-lib-coverage,0.014493,4,0,0.000000,True
exit-x,0.014493,4,0,0.000000,False
object-keys,0.014493,4,0,0.000000,True
unicorn-magic,0.014493,4,0,0.000000,False
statuses,0.014493,4,0,0.000000,True
universal-user-agent,0.014493,4,0,0.000000,False
@types/json-schema,0.014493,4,0,0.000000,True
encodeurl,0.014493,4,0,0.000000,True
punycode,0.014493,4,0,0.000000,True
esutils,0.014493,4,0,0.000000,True
ignore,0.014493,4,0,0.000000,True
d3-color,0.014493,4,0,0.000000,False
@inquirer/figures,0.014493,4,0,0.000000,False
istanbul-lib-report,0.014475,2,3,0.000000,True
@azure/core-http-compat,0.014475,2,3,0.000000,False
@babel/helper-remap-async-to-generator,0.014475,2,3,0.000000,True
node-fetch,0.014475,2,3,0.000000,True
espree,0.014475,2,3,0.000000,True
d3-dsv,0.014475,2,3,0.000000,False
@smithy/hash-stream-node,0.014475,2,3,0.000000,False
token-types,0.014475,2,3,0.000000,False
http-signature,0.014475,2,3,0.000000,False
globby,0.014458,0,6,0.000000,True
autoprefixer,0.014458,0,6,0.000000,True
open,0.014458,0,6,0.000000,True
vite,0.014458,0,6,0.000000,True
verror,0.014076,1,3,0.000003,False
safe-push-apply,0.013678,2,2,0.000002,True
d3-time,0.013279,3,1,0.000000,False
combined-stream,0.013279,3,1,0.000000,True
@aws-sdk/util-arn-parser,0.013279,3,1,0.000000,False
tough-cookie,0.013279,3,1,0.000000,True
is-core-module,0.013279,3,1,0.000000,True
cli-cursor,0.013279,3,1,0.000000,True
ansi-escapes,0.013279,3,1,0.000000,True
@eslint/core,0.013279,3,1,0.000000,True
npm-run-path,0.013279,1,2,0.000005,True
jest,0.013262,1,4,0.000000,True
@inquirer/select,0.013262,1,4,0.000000,False
serve-static,0.013262,1,4,0.000000,True
import-in-the-middle,0.013262,1,4,0.000000,False
@azure/core-lro,0.013262,1,4,0.000000,False
cosmiconfig,0.013262,1,4,0.000000,True
@aws-sdk/middleware-expect-continue,0.013262,1,4,0.000000,False
@webassemblyjs/helper-wasm-section,0.013262,1,4,0.000000,True
@inquirer/checkbox,0.013262,1,4,0.000000,False
htmlparser2,0.013262,1,4,0.000000,True
@octokit/rest,0.013262,1,4,0.000000,False
jsx-ast-utils,0.013262,1,4,0.000000,True
object.entries,0.013262,1,4,0.000000,True
@cacheable/memory,0.013262,1,4,0.000000,False
@babel/plugin-proposal-private-property-in-object,0.013262,1,4,0.000000,True
@types/express-serve-static-core,0.013262,1,4,0.000000,True
is-descriptor,0.013262,1,4,0.000000,True
@babel/plugin-transform-modules-systemjs,0.013262,1,4,0.000000,True
@webassemblyjs/wasm-opt,0.013262,1,4,0.000000,True
@jest/test-sequencer,0.013262,1,4,0.000000,True
terser,0.013262,1,4,0.000000,True
concat-stream,0.013262,1,4,0.000000,True
@types/eslint-scope,0.013262,1,4,0.000000,False
fetch-blob,0.012880,2,1,0.000003,False
responselike,0.012880,2,1,0.000003,False
is-inside-container,0.012880,2,1,0.000003,False
figures,0.012880,2,1,0.000003,True
@babel/helper-optimise-call-expression,0.012611,2,1,0.000003,True
@isaacs/brace-expansion,0.012481,1,1,0.000006,False
agentkeepalive,0.012481,1,1,0.000006,False
makeerror,0.012481,1,1,0.000006,True
tr46,0.012481,1,1,0.000006,True
@sinonjs/fake-timers,0.012481,1,1,0.000006,True
events-universal,0.012481,1,1,0.000006,False
bser,0.012481,1,1,0.000006,True
@types/whatwg-url,0.012481,1,1,0.000006,False
@types/yauzl,0.012481,1,1,0.000006,False
ast-types,0.012481,1,1,0.000006,True
unrs-resolver,0.012481,1,1,0.000006,False
@firebase/database-types,0.012066,2,2,0.000000,False
globalthis,0.012066,2,2,0.000000,True
source-map-support,0.012066,2,2,0.000000,True
@smithy/abort-controller,0.012066,2,2,0.000000,True
import-fresh,0.012066,2,2,0.000000,True
log-symbols,0.012066,2,2,0.000000,True
is-date-object,0.012066,2,2,0.000000,True
@jridgewell/remapping,0.012066,2,2,0.000000,False
@smithy/eventstream-serde-config-resolver,0.012066,2,2,0.000000,False
eslint-scope,0.012066,2,2,0.000000,True
@cacheable/utils,0.012066,2,2,0.000000,False
xml2js,0.012066,2,2,0.000000,True
slice-ansi,0.012066,2,2,0.000000,True
@babel/plugin-transform-optional-chaining,0.012066,2,2,0.000000,True
array-buffer-byte-length,0.012066,2,2,0.000000,True
@jest/expect,0.012066,2,2,0.000000,True
@firebase/component,0.012066,2,2,0.000000,False
@babel/plugin-transform-dotall-regex,0.012066,2,2,0.000000,True
levn,0.012066,2,2,0.000000,True
import-local,0.012066,2,2,0.000000,True
tar,0.012048,0,5,0.000000,True
@typescript-eslint/parser,0.012048,0,5,0.000000,True
handlebars,0.012048,0,5,0.000000,True
set-proto,0.011927,1,3,0.000001,True
wsl-utils,0.011667,1,2,0.000003,False
@csstools/css-color-parser,0.011667,1,2,0.000003,False
update-browserslist-db,0.011667,1,2,0.000003,True
path-scurry,0.011667,1,2,0.000003,True
math-intrinsics,0.010870,3,0,0.000000,True
whatwg-mimetype,0.010870,3,0,0.000000,True
triple-beam,0.010870,3,0,0.000000,False
validator,0.010870,3,0,0.000000,False
depd,0.010870,3,0,0.000000,True
bytes,0.010870,3,0,0.000000,True
js-tokens,0.010870,3,0,0.000000,True
wrappy,0.010870,3,0,0.000000,True
is-unicode-supported,0.010870,3,0,0.000000,True
supports-color,0.010870,3,0,0.000000,True
moment,0.010870,3,0,0.000000,True
json5,0.010870,3,0,0.000000,True
imurmurhash,0.010870,3,0,0.000000,True
@webassemblyjs/helper-buffer,0.010870,3,0,0.000000,True
ts-api-utils,0.010870,3,0,0.000000,True
boolbase,0.010870,3,0,0.000000,True
proxy-from-env,0.010870,3,0,0.000000,True
@istanbuljs/schema,0.010870,3,0,0.000000,True
prelude-ls,0.010870,3,0,0.000000,True
xmlbuilder,0.010870,3,0,0.000000,True
resolve-from,0.010870,3,0,0.000000,True
ieee754,0.010870,3,0,0.000000,True
safer-buffer,0.010870,3,0,0.000000,True
d3-timer,0.010870,3,0,0.000000,False
@babel/compat-data,0.010870,3,0,0.000000,True
@xtuc/long,0.010870,3,0,0.000000,True
entities,0.010870,3,0,0.000000,True
escape-string-regexp,0.010870,3,0,0.000000,True
isarray,0.010870,3,0,0.000000,True
@babel/runtime,0.010870,3,0,0.000000,True
object-assign,0.010870,3,0,0.000000,True
eventemitter3,0.010870,3,0,0.000000,True
ansi-styles,0.010870,3,0,0.000000,True
natural-compare,0.010870,3,0,0.000000,True
d3-path,0.010870,3,0,0.000000,False
commander,0.010870,3,0,0.000000,True
source-map,0.010870,3,0,0.000000,True
content-type,0.010870,3,0,0.000000,True
negotiator,0.010870,3,0,0.000000,True
collect-v8-coverage,0.010870,3,0,0.000000,True
vary,0.010870,3,0,0.000000,True
minimist,0.010870,3,0,0.000000,True
convert-source-map,0.010870,3,0,0.000000,True
@aws-crypto/crc32c,0.010852,1,3,0.000000,False
own-keys,0.010852,1,3,0.000000,True
@babel/plugin-bugfix-v8-spread-parameters-in-optional-chaining,0.010852,1,3,0.000000,False
prop-types,0.010852,1,3,0.000000,True
elasticsearch,0.010852,1,3,0.000000,False
@babel/helper-wrap-function,0.010852,1,3,0.000000,True
@aws-sdk/middleware-location-constraint,0.010852,1,3,0.000000,False
v8-to-istanbul,0.010852,1,3,0.000000,True
eslint-import-resolver-node,0.010852,1,3,0.000000,True
@babel/plugin-transform-async-to-generator,0.010852,1,3,0.000000,True
cssstyle,0.010852,1,3,0.000000,True
@babel/plugin-transform-function-name,0.010852,1,3,0.000000,True
@babel/plugin-transform-private-property-in-object,0.010852,1,3,0.000000,False
@paralleldrive/cuid2,0.010852,1,3,0.000000,False
winston-transport,0.010852,1,3,0.000000,False
@typescript-eslint/project-service,0.010852,1,3,0.000000,True
node-schedule,0.010852,1,3,0.000000,False
@types/express,0.010852,1,3,0.000000,True
postcss,0.010852,1,3,0.000000,True
string.prototype.trimstart,0.010852,1,3,0.000000,True
data-view-byte-length,0.010852,1,3,0.000000,True
formidable,0.010852,1,3,0.000000,False
@inquirer/password,0.010852,1,3,0.000000,False
@webassemblyjs/helper-numbers,0.010852,1,3,0.000000,True
get-symbol-description,0.010852,1,3,0.000000,True
data-view-buffer,0.010852,1,3,0.000000,True
websocket-driver,0.010852,1,3,0.000000,False
data-view-byte-offset,0.010852,1,3,0.000000,True
@octokit/graphql,0.010852,1,3,0.000000,False
@inquirer/search,0.010852,1,3,0.000000,False
typed-array-buffer,0.010852,1,3,0.000000,True
jest-changed-files,0.010852,1,3,0.000000,True
test-exclude,0.010852,1,3,0.000000,True
@babel/plugin-transform-async-generator-functions,0.010852,1,3,0.000000,False
sharp,0.010852,1,3,0.000000,False
tsconfig-paths,0.010852,1,3,0.000000,True
@inquirer/editor,0.010852,1,3,0.000000,False
flat-cache,0.010852,1,3,0.000000,True
minipass-fetch,0.010852,1,3,0.000000,False
@aws-sdk/middleware-ssec,0.010852,1,3,0.000000,False
gcp-metadata,0.010852,1,3,0.000000,False
babel-plugin-polyfill-corejs2,0.010852,1,3,0.000000,True
@eslint/config-array,0.010852,1,3,0.000000,False
object.groupby,0.010852,1,3,0.000000,True
fs-extra,0.010852,1,3,0.000000,True
@dabh/diagnostics,0.010852,1,3,0.000000,False
normalize-package-data,0.010852,1,3,0.000000,True
istanbul-lib-source-maps,0.010852,1,3,0.000000,True
d3-force,0.010852,1,3,0.000000,False
@aws-sdk/util-locate-window,0.009656,2,1,0.000000,False
@octokit/request-error,0.009656,2,1,0.000000,False
minizlib,0.009656,2,1,0.000000,True
d3-time-format,0.009656,2,1,0.000000,False
@jest/expect-utils,0.009656,2,1,0.000000,True
@firebase/logger,0.009656,2,1,0.000000,False
type-check,0.009656,2,1,0.000000,True
hashery,0.009656,2,1,0.000000,False
ssri,0.009656,2,1,0.000000,True
@smithy/util-uri-escape,0.009656,2,1,0.000000,True
@babel/plugin-syntax-private-property-in-object,0.009656,2,1,0.000000,True
@webassemblyjs/leb128,0.009656,2,1,0.000000,True
string-length,0.009656,2,1,0.000000,True
minipass-pipeline,0.009656,2,1,0.000000,False
@webassemblyjs/ieee754,0.009656,2,1,0.000000,True
jest-docblock,0.009656,2,1,0.000000,True
tunnel-agent,0.009656,2,1,0.000000,True
minipass-flush,0.009656,2,1,0.000000,False
@sendgrid/helpers,0.009656,2,1,0.000000,False
@smithy/uuid,0.009656,2,1,0.000000,False
@aws-crypto/supports-web-crypto,0.009656,2,1,0.000000,False
@smithy/service-error-classification,0.009656,2,1,0.000000,True
pkg-dir,0.009656,2,1,0.000000,True
core-js-compat,0.009656,2,1,0.000000,True
doctrine,0.009656,2,1,0.000000,True
is-weakref,0.009656,2,1,0.000000,True
@eslint-community/eslint-utils,0.009656,2,1,0.000000,True
ecdsa-sig-formatter,0.009656,2,1,0.000000,True
@babel/plugin-transform-parameters,0.009656,2,1,0.000000,True
@babel/plugin-syntax-import-attributes,0.009656,2,1,0.000000,True
file-type,0.009639,0,4,0.000000,True
@babel/highlight,0.009639,0,4,0.000000,True
bl,0.009639,0,4,0.000000,True
is-boolean-object,0.009517,1,2,0.000001,True
is-number-object,0.009517,1,2,0.000001,True
humanize-ms,0.009257,1,1,0.000003,False
pretty-ms,0.009257,1,1,0.000003,False
bundle-name,0.009257,1,1,0.000003,False
mnemonist,0.009257,1,1,0.000003,False
shebang-command,0.009257,1,1,0.000003,True
parent-module,0.009257,1,1,0.000003,True
loose-envify,0.009257,1,1,0.000003,True
human-interval,0.009257,1,1,0.000003,False
fastq,0.009257,1,1,0.000003,True
synckit,0.009257,1,1,0.000003,False
run-parallel,0.009257,1,1,0.000003,True
@sinonjs/commons,0.009257,1,1,0.000003,True
which,0.009257,1,1,0.000003,True
fast-levenshtein,0.009257,1,1,0.000003,True
@inquirer/number,0.008442,1,2,0.000000,False
require-in-the-middle,0.008442,1,2,0.000000,False
@babel/plugin-transform-unicode-regex,0.008442,1,2,0.000000,True
@babel/helpers,0.008442,1,2,0.000000,True
@sendgrid/mail,0.008442,1,2,0.000000,False
jest-leak-detector,0.008442,1,2,0.000000,True
clean-stack,0.008442,1,2,0.000000,True
unicode-match-property-ecmascript,0.008442,1,2,0.000000,True
@babel/plugin-transform-unicode-property-regex,0.008442,1,2,0.000000,False
is-arguments,0.008442,1,2,0.000000,True
@babel/plugin-transform-duplicate-named-capturing-groups-regex,0.008442,1,2,0.000000,False
validate-npm-package-license,0.008442,1,2,0.000000,True
side-channel-list,0.008442,1,2,0.000000,True
@babel/plugin-syntax-unicode-sets-regex,0.008442,1,2,0.000000,False
babel-preset-jest,0.008442,1,2,0.000000,True
@babel/plugin-transform-named-capturing-groups-regex,0.008442,1,2,0.000000,True
@cypress/xvfb,0.008442,1,2,0.000000,False
linebreak,0.008442,1,2,0.000000,False
hasha,0.008442,1,2,0.000000,False
@smithy/chunked-blob-reader-native,0.008442,1,2,0.000000,False
@inquirer/input,0.008442,1,2,0.000000,False
istanbul-reports,0.008442,1,2,0.000000,True
@babel/plugin-transform-modules-amd,0.008442,1,2,0.000000,True
@keyv/bigmap,0.008442,1,2,0.000000,False
@sendgrid/client,0.008442,1,2,0.000000,False
paypal-rest-sdk,0.008442,1,2,0.000000,False
@smithy/querystring-parser,0.008442,1,2,0.000000,True
@inquirer/expand,0.008442,1,2,0.000000,False
@tokenizer/inflate,0.008442,1,2,0.000000,False
gtoken,0.008442,1,2,0.000000,False
is-accessor-descriptor,0.008442,1,2,0.000000,True
@so-ric/colorspace,0.008442,1,2,0.000000,False
cron,0.008442,1,2,0.000000,False
@types/body-parser,0.008442,1,2,0.000000,True
parse5-htmlparser2-tree-adapter,0.008442,1,2,0.000000,False
@webassemblyjs/wast-printer,0.008442,1,2,0.000000,True
@babel/plugin-transform-class-static-block,0.008442,1,2,0.000000,False
@types/serve-static,0.008442,1,2,0.000000,True
string.prototype.repeat,0.008442,1,2,0.000000,False
@babel/plugin-transform-unicode-sets-regex,0.008442,1,2,0.000000,False
@babel/plugin-bugfix-firefox-class-in-computed-class-key,0.008442,1,2,0.000000,False
encoding-sniffer,0.008442,1,2,0.000000,False
color,0.008442,1,2,0.000000,True
@babel/plugin-transform-private-methods,0.008442,1,2,0.000000,False
@eslint/plugin-kit,0.008442,1,2,0.000000,True
@babel/plugin-transform-modules-umd,0.008442,1,2,0.000000,True
@babel/plugin-transform-computed-properties,0.008442,1,2,0.000000,True
tinyglobby,0.008442,1,2,0.000000,True
is-installed-globally,0.008442,1,2,0.000000,False
googleapis,0.008442,1,2,0.000000,False
@babel/plugin-transform-class-properties,0.008442,1,2,0.000000,False
@babel/plugin-bugfix-v8-static-class-fields-redefine-readonly,0.008442,1,2,0.000000,False
@types/eslint,0.008442,1,2,0.000000,True
cors,0.008442,1,2,0.000000,False
stop-iteration-iterator,0.008442,1,2,0.000000,True
enhanced-resolve,0.008442,1,2,0.000000,True
@babel/plugin-transform-regexp-modifiers,0.008442,1,2,0.000000,False
proxy-addr,0.008442,1,2,0.000000,True
jest-resolve-dependencies,0.008442,1,2,0.000000,True
unicode-properties,0.008442,1,2,0.000000,False
@jridgewell/source-map,0.008442,1,2,0.000000,True
d3-scale-chromatic,0.008442,1,2,0.000000,False
amqplib,0.008442,1,2,0.000000,False
@babel/plugin-proposal-unicode-property-regex,0.008442,1,2,0.000000,False
enquirer,0.008442,1,2,0.000000,False
http2-wrapper,0.008442,1,2,0.000000,False
babel-plugin-polyfill-corejs3,0.008442,1,2,0.000000,True
express-validator,0.008442,1,2,0.000000,False
is-data-descriptor,0.008442,1,2,0.000000,True
@inquirer/rawlist,0.008442,1,2,0.000000,False
@inquirer/external-editor,0.008442,1,2,0.000000,False
p-queue,0.008442,1,2,0.000000,False
@microsoft/microsoft-graph-client,0.008442,1,2,0.000000,False
@humanfs/node,0.008442,1,2,0.000000,False
@babel/plugin-transform-spread,0.008442,1,2,0.000000,True
@types/jsonwebtoken,0.008442,1,2,0.000000,False
@babel/plugin-transform-object-super,0.008442,1,2,0.000000,True
har-validator,0.008442,1,2,0.000000,False
rimraf,0.008442,1,2,0.000000,True
@octokit/endpoint,0.008442,1,2,0.000000,False
data-urls,0.008442,1,2,0.000000,True
@babel/plugin-transform-explicit-resource-management,0.008442,1,2,0.000000,False
url,0.008442,1,2,0.000000,False
@types/babel__template,0.008442,1,2,0.000000,True
promise-retry,0.008442,1,2,0.000000,False
@babel/plugin-transform-for-of,0.008442,1,2,0.000000,True
@babel/plugin-transform-modules-commonjs,0.008442,1,2,0.000000,True
watchpack,0.008442,1,2,0.000000,True
spdx-correct,0.008442,1,2,0.000000,True
accepts,0.008442,1,2,0.000000,True
@protobufjs/fetch,0.008442,1,2,0.000000,False
dezalgo,0.008442,1,2,0.000000,False
restore-cursor,0.008442,1,2,0.000000,True
lru-memoizer,0.008442,1,2,0.000000,False
cli-truncate,0.008442,1,2,0.000000,True
@inquirer/confirm,0.008442,1,2,0.000000,False
glob-to-regexp,0.007246,2,0,0.000000,True
has-bigints,0.007246,2,0,0.000000,True
@protobufjs/inquire,0.007246,2,0,0.000000,False
@babel/helper-globals,0.007246,2,0,0.000000,True
buffer-crc32,0.007246,2,0,0.000000,True
jsesc,0.007246,2,0,0.000000,True
powershell-utils,0.007246,2,0,0.000000,False
@eslint-community/regexpp,0.007246,2,0,0.000000,True
aws-sign2,0.007246,2,0,0.000000,False
require-from-string,0.007246,2,0,0.000000,True
retry,0.007246,2,0,0.000000,True
get-east-asian-width,0.007246,2,0,0.000000,False
@colors/colors,0.007246,2,0,0.000000,True
etag,0.007246,2,0,0.000000,True
@floating-ui/utils,0.007246,2,0,0.000000,False
is-potential-custom-element-name,0.007246,2,0,0.000000,True
callsites,0.007246,2,0,0.000000,True
typed-query-selector,0.007246,2,0,0.000000,False
camelcase,0.007246,2,0,0.000000,True
@sindresorhus/merge-streams,0.007246,2,0,0.000000,False
bluebird,0.007246,2,0,0.000000,True
tapable,0.007246,2,0,0.000000,True
@typescript-eslint/tsconfig-utils,0.007246,2,0,0.000000,True
universalify,0.007246,2,0,0.000000,True
caseless,0.007246,2,0,0.000000,False
google-logging-utils,0.007246,2,0,0.000000,False
cjs-module-lexer,0.007246,2,0,0.000000,True
luxon,0.007246,2,0,0.000000,False
process,0.007246,2,0,0.000000,True
d3-format,0.007246,2,0,0.000000,False
tweetnacl,0.007246,2,0,0.000000,False
http-cache-semantics,0.007246,2,0,0.000000,True
tinyrainbow,0.007246,2,0,0.000000,False
source-map-js,0.007246,2,0,0.000000,True
lowercase-keys,0.007246,2,0,0.000000,True
mute-stream,0.007246,2,0,0.000000,True
functions-have-names,0.007246,2,0,0.000000,True
is-typedarray,0.007246,2,0,0.000000,True
buffer-from,0.007246,2,0,0.000000,True
@humanwhocodes/retry,0.007246,2,0,0.000000,True
extsprintf,0.007246,2,0,0.000000,True
redis-errors,0.007246,2,0,0.000000,False
aws4,0.007246,2,0,0.000000,False
forever-agent,0.007246,2,0,0.000000,False
is-set,0.007246,2,0,0.000000,True
@types/ms,0.007246,2,0,0.000000,False
performance-now,0.007246,2,0,0.000000,False
safe-stable-stringify,0.007246,2,0,0.000000,False
on-headers,0.007246,2,0,0.000000,True
tiny-inflate,0.007246,2,0,0.000000,False
sax,0.007246,2,0,0.000000,True
fast-fifo,0.007246,2,0,0.000000,False
@babel/helper-validator-option,0.007246,2,0,0.000000,True
lodash.once,0.007246,2,0,0.000000,False
regenerate,0.007246,2,0,0.000000,False
caniuse-lite,0.007246,2,0,0.000000,True
strip-json-comments,0.007246,2,0,0.000000,True
webidl-conversions,0.007246,2,0,0.000000,True
strip-bom,0.007246,2,0,0.000000,True
d3-quadtree,0.007246,2,0,0.000000,False
mime-db,0.007246,2,0,0.000000,True
json-stringify-safe,0.007246,2,0,0.000000,True
xml-name-validator,0.007246,2,0,0.000000,True
find-up-simple,0.007246,2,0,0.000000,False
yoctocolors,0.007246,2,0,0.000000,False
d3-ease,0.007246,2,0,0.000000,False
deepmerge,0.007246,2,0,0.000000,True
jsbn,0.007246,2,0,0.000000,True
@csstools/css-calc,0.007246,2,0,0.000000,False
possible-typed-array-names,0.007246,2,0,0.000000,True
color-name,0.007246,2,0,0.000000,True
neo-async,0.007246,2,0,0.000000,True
data-uri-to-buffer,0.007246,2,0,0.000000,True
fdir,0.007246,2,0,0.000000,True
cluster-key-slot,0.007246,2,0,0.000000,False
css-what,0.007246,2,0,0.000000,True
emittery,0.007246,2,0,0.000000,True
ws,0.007246,2,0,0.000000,True
fresh,0.007246,2,0,0.000000,True
bignumber.js,0.007246,2,0,0.000000,False
module-details-from-path,0.007246,2,0,0.000000,False
b4a,0.007246,2,0,0.000000,False
escalade,0.007246,2,0,0.000000,True
@webassemblyjs/utf8,0.007246,2,0,0.000000,True
@opentelemetry/semantic-conventions,0.007246,2,0,0.000000,True
mimic-response,0.007246,2,0,0.000000,True
@tokenizer/token,0.007246,2,0,0.000000,False
devtools-protocol,0.007246,2,0,0.000000,False
aria-query,0.007246,2,0,0.000000,True
@nodelib/fs.stat,0.007246,2,0,0.000000,True
react-is,0.007246,2,0,0.000000,True
isstream,0.007246,2,0,0.000000,False
path-key,0.007246,2,0,0.000000,True
spdx-license-ids,0.007246,2,0,0.000000,True
esprima,0.007246,2,0,0.000000,True
indent-string,0.007246,2,0,0.000000,True
is-path-inside,0.007246,2,0,0.000000,True
range-parser,0.007246,2,0,0.000000,True
@protobufjs/aspromise,0.007246,2,0,0.000000,False
dayjs,0.007246,2,0,0.000000,True
@webassemblyjs/helper-api-error,0.007246,2,0,0.000000,True
@humanwhocodes/config-array,0.007229,0,3,0.000000,True
@opentelemetry/instrumentation,0.007229,0,3,0.000000,True
read-pkg-up,0.007229,0,3,0.000000,True
@rollup/pluginutils,0.007229,0,3,0.000000,True
@babel/plugin-syntax-jsx,0.007108,1,1,0.000001,True
@babel/plugin-syntax-typescript,0.007108,1,1,0.000001,True
cli-table3,0.006033,1,1,0.000000,False
@types/babel__generator,0.006033,1,1,0.000000,True
d3-geo,0.006033,1,1,0.000000,False
@babel/plugin-transform-dynamic-import,0.006033,1,1,0.000000,False
@babel/plugin-transform-optional-catch-binding,0.006033,1,1,0.000000,False
unique-slug,0.006033,1,1,0.000000,True
@types/debug,0.006033,1,1,0.000000,False
esquery,0.006033,1,1,0.000000,True
onetime,0.006033,1,1,0.000000,True
d3-fetch,0.006033,1,1,0.000000,False
redis-parser,0.006033,1,1,0.000000,False
@babel/plugin-syntax-async-generators,0.006033,1,1,0.000000,True
dashdash,0.006033,1,1,0.000000,False
hosted-git-info,0.006033,1,1,0.000000,True
minipass-collect,0.006033,1,1,0.000000,False
@babel/plugin-transform-exponentiation-operator,0.006033,1,1,0.000000,True
string_decoder,0.006033,1,1,0.000000,True
@babel/plugin-syntax-import-assertions,0.006033,1,1,0.000000,True
abort-controller,0.006033,1,1,0.000000,True
i18next,0.006033,1,1,0.000000,False
fs-minipass,0.006033,1,1,0.000000,True
@babel/plugin-syntax-top-level-await,0.006033,1,1,0.000000,True
@babel/plugin-syntax-bigint,0.006033,1,1,0.000000,False
@babel/plugin-transform-typeof-symbol,0.006033,1,1,0.000000,True
color-convert,0.006033,1,1,0.000000,True
@babel/plugin-syntax-optional-chaining,0.006033,1,1,0.000000,True
playwright,0.006033,1,1,0.000000,False
esrap,0.006033,1,1,0.000000,False
is-finalizationregistry,0.006033,1,1,0.000000,True
resolve-cwd,0.006033,1,1,0.000000,True
is-reference,0.006033,1,1,0.000000,False
unique-filename,0.006033,1,1,0.000000,False
ajv-formats,0.006033,1,1,0.000000,True
end-of-stream,0.006033,1,1,0.000000,True
nth-check,0.006033,1,1,0.000000,True
@babel/plugin-transform-reserved-words,0.006033,1,1,0.000000,True
@babel/plugin-syntax-nullish-coalescing-operator,0.006033,1,1,0.000000,True
@floating-ui/core,0.006033,1,1,0.000000,True
strtok3,0.006033,1,1,0.000000,False
json-bigint,0.006033,1,1,0.000000,False
acorn-walk,0.006033,1,1,0.000000,True
@eslint/config-helpers,0.006033,1,1,0.000000,False
chart.js,0.006033,1,1,0.000000,False
@babel/plugin-transform-regenerator,0.006033,1,1,0.000000,True
@types/babel__traverse,0.006033,1,1,0.000000,True
@babel/plugin-transform-block-scoped-functions,0.006033,1,1,0.000000,True
bcrypt-pbkdf,0.006033,1,1,0.000000,False
file-entry-cache,0.006033,1,1,0.000000,True
@babel/plugin-transform-json-strings,0.006033,1,1,0.000000,False
d3-delaunay,0.006033,1,1,0.000000,False
@swc/helpers,0.006033,1,1,0.000000,True
babel-plugin-jest-hoist,0.006033,1,1,0.000000,True
color-string,0.006033,1,1,0.000000,True
is-shared-array-buffer,0.006033,1,1,0.000000,True
parse5-parser-stream,0.006033,1,1,0.000000,False
@radix-ui/react-slot,0.006033,1,1,0.000000,True
@opentelemetry/api-logs,0.006033,1,1,0.000000,True
@babel/plugin-transform-unicode-escapes,0.006033,1,1,0.000000,True
@babel/plugin-syntax-class-static-block,0.006033,1,1,0.000000,True
@types/connect,0.006033,1,1,0.000000,True
wkx,0.006033,1,1,0.000000,False
@babel/plugin-transform-logical-assignment-operators,0.006033,1,1,0.000000,False
basic-auth,0.006033,1,1,0.000000,False
stripe,0.006033,1,1,0.000000,False
faye-websocket,0.006033,1,1,0.000000,False
is-wsl,0.006033,1,1,0.000000,True
saxes,0.006033,1,1,0.000000,True
@babel/plugin-syntax-json-strings,0.006033,1,1,0.000000,True
rollup,0.006033,1,1,0.000000,True
@vitest/pretty-format,0.006033,1,1,0.000000,True
regenerate-unicode-properties,0.006033,1,1,0.000000,True
magic-string,0.006033,1,1,0.000000,True
busboy,0.006033,1,1,0.000000,False
@babel/plugin-transform-member-expression-literals,0.006033,1,1,0.000000,True
request-progress,0.006033,1,1,0.000000,False
@azure/core-paging,0.006033,1,1,0.000000,False
@babel/plugin-transform-sticky-regex,0.006033,1,1,0.000000,True
@babel/plugin-bugfix-safari-class-field-initializer-scope,0.006033,1,1,0.000000,False
@babel/plugin-syntax-class-properties,0.006033,1,1,0.000000,True
@babel/plugin-transform-export-namespace-from,0.006033,1,1,0.000000,False
jsonfile,0.006033,1,1,0.000000,True
@babel/plugin-transform-template-literals,0.006033,1,1,0.000000,True
esrecurse,0.006033,1,1,0.000000,True
global-directory,0.006033,1,1,0.000000,False
@isaacs/fs-minipass,0.006033,1,1,0.000000,False
@babel/plugin-transform-duplicate-keys,0.006033,1,1,0.000000,True
@opentelemetry/core,0.006033,1,1,0.000000,True
estree-walker,0.006033,1,1,0.000000,True
formdata-polyfill,0.006033,1,1,0.000000,False
@npmcli/fs,0.006033,1,1,0.000000,True
text-decoder,0.006033,1,1,0.000000,False
@babel/plugin-transform-new-target,0.006033,1,1,0.000000,True
html-encoding-sniffer,0.006033,1,1,0.000000,True
getpass,0.006033,1,1,0.000000,False
@types/readable-stream,0.006033,1,1,0.000000,False
eslint-module-utils,0.006033,1,1,0.000000,True
delaunator,0.006033,1,1,0.000000,False
@babel/plugin-syntax-object-rest-spread,0.006033,1,1,0.000000,True
compressible,0.006033,1,1,0.000000,False
executable,0.006033,1,1,0.000000,False
date.js,0.006033,1,1,0.000000,False
@babel/plugin-transform-literals,0.006033,1,1,0.000000,True
@types/send,0.006033,1,1,0.000000,True
@babel/plugin-syntax-import-meta,0.006033,1,1,0.000000,True
bidi-js,0.006033,1,1,0.000000,False
@redis/client,0.006033,1,1,0.000000,False
regjsparser,0.006033,1,1,0.000000,True
@babel/plugin-syntax-optional-catch-binding,0.006033,1,1,0.000000,True
@babel/plugin-transform-numeric-separator,0.006033,1,1,0.000000,False
@babel/plugin-transform-block-scoping,0.006033,1,1,0.000000,True
@babel/plugin-syntax-numeric-separator,0.006033,1,1,0.000000,True
@octokit/plugin-rest-endpoint-methods,0.006033,1,1,0.000000,False
@babel/plugin-transform-nullish-coalescing-operator,0.006033,1,1,0.000000,False
tldts,0.006033,1,1,0.000000,False
react-dom,0.006033,1,1,0.000000,True
@babel/plugin-syntax-logical-assignment-operators,0.006033,1,1,0.000000,True
d3-shape,0.006033,1,1,0.000000,False
one-time,0.006033,1,1,0.000000,False
is-fullwidth-code-point,0.006033,1,1,0.000000,True
@octokit/plugin-paginate-rest,0.006033,1,1,0.000000,False
@babel/plugin-transform-arrow-functions,0.006033,1,1,0.000000,True
ajv-keywords,0.006033,1,1,0.000000,True
w3c-xmlserializer,0.006033,1,1,0.000000,True
@babel/plugin-transform-property-literals,0.006033,1,1,0.000000,True
d3-chord,0.006033,1,1,0.000000,False
@smithy/chunked-blob-reader,0.006033,1,1,0.000000,False
@slack/logger,0.006033,1,1,0.000000,False
rxjs,0.006033,1,1,0.000000,True
@types/istanbul-lib-report,0.006033,1,1,0.000000,True
d3-contour,0.006033,1,1,0.000000,False
ecc-jsbn,0.006033,1,1,0.000000,False
decompress-response,0.006033,1,1,0.000000,True
brotli,0.006033,1,1,0.000000,False
qified,0.006033,1,1,0.000000,False
p-retry,0.006033,1,1,0.000000,False
@cspotcode/source-map-support,0.006033,1,1,0.000000,True
is-bigint,0.006033,1,1,0.000000,True
@babel/plugin-transform-shorthand-properties,0.006033,1,1,0.000000,True
is-extendable,0.006033,1,1,0.000000,True
asn1,0.006033,1,1,0.000000,False
minipass-sized,0.006033,1,1,0.000000,False
@babel/plugin-bugfix-safari-id-destructuring-collision-in-function-expression,0.006033,1,1,0.000000,True
babel-plugin-polyfill-regenerator,0.006033,1,1,0.000000,True
postcss-selector-parser,0.004819,0,2,0.000000,True
inflight,0.004819,0,2,0.000000,True
@types/jest,0.004819,0,2,0.000000,True
@floating-ui/dom,0.004819,0,2,0.000000,True
aggregate-error,0.004819,0,2,0.000000,True
extend-shallow,0.004819,0,2,0.000000,True
define-property,0.004819,0,2,0.000000,True
find-cache-dir,0.004819,0,2,0.000000,True
prompts,0.004819,0,2,0.000000,True
@vitest/utils,0.004819,0,2,0.000000,True
@ampproject/remapping,0.004819,0,2,0.000000,True
foreground-child,0.004819,0,2,0.000000,True
redent,0.004819,0,2,0.000000,True
@opentelemetry/resources,0.004819,0,2,0.000000,True
napi-postinstall,0.003623,1,0,0.000000,False
path-type,0.003623,1,0,0.000000,True
@humanfs/core,0.003623,1,0,0.000000,False
content-disposition,0.003623,1,0,0.000000,True
is-in-ssh,0.003623,1,0,0.000000,False
@tsconfig/node10,0.003623,1,0,0.000000,True
rfdc,0.003623,1,0,0.000000,True
oauth-sign,0.003623,1,0,0.000000,False
ospath,0.003623,1,0,0.000000,False
robust-predicates,0.003623,1,0,0.000000,False
append-field,0.003623,1,0,0.000000,False
pirates,0.003623,1,0,0.000000,True
@csstools/css-syntax-patches-for-csstree,0.003623,1,0,0.000000,False
@protobufjs/float,0.003623,1,0,0.000000,True
type-detect,0.003623,1,0,0.000000,True
@sec-ant/readable-stream,0.003623,1,0,0.000000,False
ansi-regex,0.003623,1,0,0.000000,True
rw,0.003623,1,0,0.000000,False
strip-indent,0.003623,1,0,0.000000,True
human-signals,0.003623,1,0,0.000000,True
colorette,0.003623,1,0,0.000000,True
pako,0.003623,1,0,0.000000,True
lodash.isarguments,0.003623,1,0,0.000000,False
balanced-match,0.003623,1,0,0.000000,True
webpack-sources,0.003623,1,0,0.000000,True
@tsconfig/node16,0.003623,1,0,0.000000,True
@jest/diff-sequences,0.003623,1,0,0.000000,False
memory-pager,0.003623,1,0,0.000000,False
setprototypeof,0.003623,1,0,0.000000,True
dedent,0.003623,1,0,0.000000,True
@types/sinonjs__fake-timers,0.003623,1,0,0.000000,False
acorn-jsx,0.003623,1,0,0.000000,True
shebang-regex,0.003623,1,0,0.000000,True
retry-as-promised,0.003623,1,0,0.000000,False
env-paths,0.003623,1,0,0.000000,True
lodash.isnumber,0.003623,1,0,0.000000,False
websocket-extensions,0.003623,1,0,0.000000,False
spdx-exceptions,0.003623,1,0,0.000000,True
is-network-error,0.003623,1,0,0.000000,False
sequelize-pool,0.003623,1,0,0.000000,False
locate-character,0.003623,1,0,0.000000,False
@types/retry,0.003623,1,0,0.000000,False
lodash.merge,0.003623,1,0,0.000000,True
long,0.003623,1,0,0.000000,True
@rtsao/scc,0.003623,1,0,0.000000,False
cachedir,0.003623,1,0,0.000000,False
async-function,0.003623,1,0,0.000000,False
media-typer,0.003623,1,0,0.000000,True
argparse,0.003623,1,0,0.000000,True
fflate,0.003623,1,0,0.000000,False
@sveltejs/acorn-typescript,0.003623,1,0,0.000000,False
scheduler,0.003623,1,0,0.000000,True
wrap-ansi-cjs,0.003623,1,0,0.000000,False
follow-redirects,0.003623,1,0,0.000000,True
is-docker,0.003623,1,0,0.000000,True
strnum,0.003623,1,0,0.000000,True
mimic-function,0.003623,1,0,0.000000,False
scmp,0.003623,1,0,0.000000,False
lodash.isstring,0.003623,1,0,0.000000,False
cookie-signature,0.003623,1,0,0.000000,True
bcryptjs,0.003623,1,0,0.000000,False
@redis/bloom,0.003623,1,0,0.000000,False
sorted-array-functions,0.003623,1,0,0.000000,False
acorn-import-phases,0.003623,1,0,0.000000,False
restructure,0.003623,1,0,0.000000,False
react,0.003623,1,0,0.000000,True
buffer-equal-constant-time,0.003623,1,0,0.000000,True
path-parse,0.003623,1,0,0.000000,True
isobject,0.003623,1,0,0.000000,True
@babel/helper-string-parser,0.003623,1,0,0.000000,True
node-releases,0.003623,1,0,0.000000,True
is-plain-object,0.003623,1,0,0.000000,True
electron-to-chromium,0.003623,1,0,0.000000,True
async,0.003623,1,0,0.000000,True
bson,0.003623,1,0,0.000000,False
fastest-levenshtein,0.003623,1,0,0.000000,False
@protobufjs/pool,0.003623,1,0,0.000000,False
strip-final-newline,0.003623,1,0,0.000000,True
gensync,0.003623,1,0,0.000000,True
environment,0.003623,1,0,0.000000,False
clone,0.003623,1,0,0.000000,True
forwarded,0.003623,1,0,0.000000,True
mitt,0.003623,1,0,0.000000,False
@sindresorhus/is,0.003623,1,0,0.000000,True
strip-ansi-cjs,0.003623,1,0,0.000000,False
yargs-parser,0.003623,1,0,0.000000,True
@types/http-cache-semantics,0.003623,1,0,0.000000,False
@protobufjs/base64,0.003623,1,0,0.000000,False
@protobufjs/utf8,0.003623,1,0,0.000000,False
smart-buffer,0.003623,1,0,0.000000,True
before-after-hook,0.003623,1,0,0.000000,False
inflection,0.003623,1,0,0.000000,False
cssesc,0.003623,1,0,0.000000,True
yn,0.003623,1,0,0.000000,True
basic-ftp,0.003623,1,0,0.000000,False
clsx,0.003623,1,0,0.000000,True
is-electron,0.003623,1,0,0.000000,False
generator-function,0.003623,1,0,0.000000,False
p-cancelable,0.003623,1,0,0.000000,False
is-number,0.003623,1,0,0.000000,True
undici-types,0.003623,1,0,0.000000,True
highcharts,0.003623,1,0,0.000000,False
acorn-import-attributes,0.003623,1,0,0.000000,False
xmlchars,0.003623,1,0,0.000000,True
url-extras,0.003623,1,0,0.000000,False
uint8array-extras,0.003623,1,0,0.000000,False
diff,0.003623,1,0,0.000000,True
util-deprecate,0.003623,1,0,0.000000,True
lodash.isplainobject,0.003623,1,0,0.000000,True
xtend,0.003623,1,0,0.000000,True
@types/esrecurse,0.003623,1,0,0.000000,False
readdirp,0.003623,1,0,0.000000,True
resolve-alpn,0.003623,1,0,0.000000,False
jest-pnp-resolver,0.003623,1,0,0.000000,True
regjsgen,0.003623,1,0,0.000000,True
merge2,0.003623,1,0,0.000000,True
yallist,0.003623,1,0,0.000000,True
requires-port,0.003623,1,0,0.000000,True
d3-axis,0.003623,1,0,0.000000,False
systeminformation,0.003623,1,0,0.000000,False
pend,0.003623,1,0,0.000000,False
uglify-js,0.003623,1,0,0.000000,True
package-json-from-dist,0.003623,1,0,0.000000,True
nanoid,0.003623,1,0,0.000000,True
y18n,0.003623,1,0,0.000000,True
text-hex,0.003623,1,0,0.000000,False
arg,0.003623,1,0,0.000000,True
fecha,0.003623,1,0,0.000000,False
querystring,0.003623,1,0,0.000000,False
defaults,0.003623,1,0,0.000000,True
pg-connection-string,0.003623,1,0,0.000000,False
zimmerframe,0.003623,1,0,0.000000,False
cli-width,0.003623,1,0,0.000000,True
tree-kill,0.003623,1,0,0.000000,False
typedarray,0.003623,1,0,0.000000,False
url-template,0.003623,1,0,0.000000,False
@img/colour,0.003623,1,0,0.000000,False
arch,0.003623,1,0,0.000000,False
core-util-is,0.003623,1,0,0.000000,True
detect-newline,0.003623,1,0,0.000000,True
json-schema,0.003623,1,0,0.000000,True
is-generator-fn,0.003623,1,0,0.000000,True
yocto-queue,0.003623,1,0,0.000000,True
fn.name,0.003623,1,0,0.000000,False
lodash.isinteger,0.003623,1,0,0.000000,False
lodash.debounce,0.003623,1,0,0.000000,True
resolve-pkg-maps,0.003623,1,0,0.000000,False
normalize-range,0.003623,1,0,0.000000,True
nodemailer,0.003623,1,0,0.000000,False
html-escaper,0.003623,1,0,0.000000,True
get-port,0.003623,1,0,0.000000,False
@humanwhocodes/object-schema,0.003623,1,0,0.000000,True
error-causes,0.003623,1,0,0.000000,False
unicode-match-property-value-ecmascript,0.003623,1,0,0.000000,True
chardet,0.003623,1,0,0.000000,True
p-timeout,0.003623,1,0,0.000000,False
flatted,0.003623,1,0,0.000000,True
assign-symbols,0.003623,1,0,0.000000,False
fast-json-stable-stringify,0.003623,1,0,0.000000,True
har-schema,0.003623,1,0,0.000000,False
tmp,0.003623,1,0,0.000000,True
three,0.003623,1,0,0.000000,False
is-promise,0.003623,1,0,0.000000,False
@types/validator,0.003623,1,0,0.000000,False
kareem,0.003623,1,0,0.000000,False
dfa,0.003623,1,0,0.000000,False
@protobufjs/codegen,0.003623,1,0,0.000000,False
delayed-stream,0.003623,1,0,0.000000,True
@sinclair/typebox,0.003623,1,0,0.000000,True
lz-string,0.003623,1,0,0.000000,False
progress,0.003623,1,0,0.000000,True
leaflet,0.003623,1,0,0.000000,False
d3-polygon,0.003623,1,0,0.000000,False
@types/yargs-parser,0.003623,1,0,0.000000,True
unpipe,0.003623,1,0,0.000000,True
is-interactive,0.003623,1,0,0.000000,True
index-to-position,0.003623,1,0,0.000000,False
@noble/hashes,0.003623,1,0,0.000000,False
long-timeout,0.003623,1,0,0.000000,False
pretty-bytes,0.003623,1,0,0.000000,False
@protobufjs/eventemitter,0.003623,1,0,0.000000,False
fast-content-type-parse,0.003623,1,0,0.000000,False
obliterator,0.003623,1,0,0.000000,False
stdin-discarder,0.003623,1,0,0.000000,False
@isaacs/balanced-match,0.003623,1,0,0.000000,False
d3-hierarchy,0.003623,1,0,0.000000,False
make-error,0.003623,1,0,0.000000,True
p-map,0.003623,1,0,0.000000,True
lilconfig,0.003623,1,0,0.000000,True
playwright-core,0.003623,1,0,0.000000,False
helmet,0.003623,1,0,0.000000,False
denque,0.003623,1,0,0.000000,False
unicode-canonical-property-names-ecmascript,0.003623,1,0,0.000000,True
zod,0.003623,1,0,0.000000,True
png-js,0.003623,1,0,0.000000,False
sift,0.003623,1,0,0.000000,False
unicode-property-aliases-ecmascript,0.003623,1,0,0.000000,True
toidentifier,0.003623,1,0,0.000000,True
mkdirp,0.003623,1,0,0.000000,True
@types/normalize-package-data,0.003623,1,0,0.000000,False
symbol-tree,0.003623,1,0,0.000000,True
@redis/search,0.003623,1,0,0.000000,False
form-data-encoder,0.003623,1,0,0.000000,False
tmpl,0.003623,1,0,0.000000,True
@types/tmp,0.003623,1,0,0.000000,False
undici,0.003623,1,0,0.000000,True
merge-descriptors,0.003623,1,0,0.000000,True
@opentelemetry/api,0.003623,1,0,0.000000,False
@types/sizzle,0.003623,1,0,0.000000,False
@radix-ui/react-compose-refs,0.003623,1,0,0.000000,False
stack-trace,0.003623,1,0,0.000000,False
@keyv/serialize,0.003623,1,0,0.000000,False
@protobufjs/path,0.003623,1,0,0.000000,False
@firebase/auth-interop-types,0.003623,1,0,0.000000,False
postcss-value-parser,0.003623,1,0,0.000000,True
mdn-data,0.003623,1,0,0.000000,True
@types/triple-beam,0.003623,1,0,0.000000,False
@firebase/app-check-interop-types,0.003623,1,0,0.000000,False
ee-first,0.003623,1,0,0.000000,True
@tootallnate/quickjs-emscripten,0.003623,1,0,0.000000,False
@csstools/color-helpers,0.003623,1,0,0.000000,False
co,0.003623,1,0,0.000000,True
wordwrap,0.003623,1,0,0.000000,True
csstype,0.003623,1,0,0.000000,True
@asamuzakjp/nwsapi,0.003623,1,0,0.000000,False
is-map,0.003623,1,0,0.000000,True
lodash.isboolean,0.003623,1,0,0.000000,False
run-applescript,0.003623,1,0,0.000000,False
leven,0.003623,1,0,0.000000,True
node-domexception,0.003623,1,0,0.000000,False
lodash.includes,0.003623,1,0,0.000000,False
lodash.defaults,0.003623,1,0,0.000000,False
@types/webidl-conversions,0.003623,1,0,0.000000,False
esm-env,0.003623,1,0,0.000000,False
@borewit/text-codec,0.003623,1,0,0.000000,False
event-target-shim,0.003623,1,0,0.000000,True
is-extglob,0.003623,1,0,0.000000,True
@types/http-errors,0.003623,1,0,0.000000,True
json-parse-even-better-errors,0.003623,1,0,0.000000,True
is-arrayish,0.003623,1,0,0.000000,True
@csstools/css-tokenizer,0.003623,1,0,0.000000,False
is-negative-zero,0.003623,1,0,0.000000,True
decimal.js,0.003623,1,0,0.000000,True
throttleit,0.003623,1,0,0.000000,False
@ungap/structured-clone,0.003623,1,0,0.000000,True
farmhash-modern,0.003623,1,0,0.000000,False
reusify,0.003623,1,0,0.000000,True
is-weakmap,0.003623,1,0,0.000000,True
tagged-tag,0.003623,1,0,0.000000,False
@types/range-parser,0.003623,1,0,0.000000,True
mpath,0.003623,1,0,0.000000,False
globals,0.003623,1,0,0.000000,True
default-browser-id,0.003623,1,0,0.000000,False
asap,0.003623,1,0,0.000000,True
dom-accessibility-api,0.003623,1,0,0.000000,True
bowser,0.003623,1,0,0.000000,False
@types/stack-utils,0.003623,1,0,0.000000,True
@eslint/js,0.003623,1,0,0.000000,True
create-require,0.003623,1,0,0.000000,True
serialize-javascript,0.003623,1,0,0.000000,True
fraction.js,0.003623,1,0,0.000000,True
http-parser-js,0.003623,1,0,0.000000,False
parse-ms,0.003623,1,0,0.000000,False
crypto-js,0.003623,1,0,0.000000,False
@octokit/auth-token,0.003623,1,0,0.000000,False
define-lazy-prop,0.003623,1,0,0.000000,True
cookie,0.003623,1,0,0.000000,True
kleur,0.003623,1,0,0.000000,True
untildify,0.003623,1,0,0.000000,False
@firebase/app-types,0.003623,1,0,0.000000,False
sisteransi,0.003623,1,0,0.000000,True
deep-is,0.003623,1,0,0.000000,True
@aws/lambda-invoke-store,0.003623,1,0,0.000000,False
common-path-prefix,0.003623,1,0,0.000000,False
node-int64,0.003623,1,0,0.000000,True
make-dir,0.003623,1,0,0.000000,True
toposort-class,0.003623,1,0,0.000000,False
run-async,0.003623,1,0,0.000000,True
@types/qs,0.003623,1,0,0.000000,True
blob-util,0.003623,1,0,0.000000,False
chrome-trace-event,0.003623,1,0,0.000000,True
abbrev,0.003623,1,0,0.000000,True
tldts-core,0.003623,1,0,0.000000,False
esbuild,0.003623,1,0,0.000000,True
baseline-browser-mapping,0.003623,1,0,0.000000,True
@acemir/cssom,0.003623,1,0,0.000000,False
eventemitter2,0.003623,1,0,0.000000,False
jose,0.003623,1,0,0.000000,False
ansi-colors,0.003623,1,0,0.000000,True
get-caller-file,0.003623,1,0,0.000000,True
enabled,0.003623,1,0,0.000000,False
binary-extensions,0.003623,1,0,0.000000,True
dotenv,0.003623,1,0,0.000000,True
@humanwhocodes/module-importer,0.003623,1,0,0.000000,True
netmask,0.003623,1,0,0.000000,False
normalize-url,0.003623,1,0,0.000000,True
limiter,0.003623,1,0,0.000000,False
querystringify,0.003623,1,0,0.000000,True
queue-microtask,0.003623,1,0,0.000000,True
asynckit,0.003623,1,0,0.000000,True
word-wrap,0.003623,1,0,0.000000,True
numbered,0.003623,1,0,0.000000,False
ini,0.003623,1,0,0.000000,True
mime,0.003623,1,0,0.000000,True
fast-uri,0.003623,1,0,0.000000,True
common-tags,0.003623,1,0,0.000000,False
buffer-more-ints,0.003623,1,0,0.000000,False
@octokit/openapi-types,0.003623,1,0,0.000000,False
json-schema-traverse,0.003623,1,0,0.000000,True
proc-log,0.003623,1,0,0.000000,True
standard-as-callback,0.003623,1,0,0.000000,False
chownr,0.003623,1,0,0.000000,True
get-package-type,0.003623,1,0,0.000000,True
@webassemblyjs/floating-point-hex-parser,0.003623,1,0,0.000000,True
webdriver-bidi-protocol,0.003623,1,0,0.000000,False
@slack/types,0.003623,1,0,0.000000,False
@kurkle/color,0.003623,1,0,0.000000,False
@bcoe/v8-coverage,0.003623,1,0,0.000000,True
@redis/time-series,0.003623,1,0,0.000000,False
oauth,0.003623,1,0,0.000000,False
bare-events,0.003623,1,0,0.000000,False
@types/aria-query,0.003623,1,0,0.000000,False
pure-rand,0.003623,1,0,0.000000,True
supports-preserve-symlinks-flag,0.003623,1,0,0.000000,True
normalize-path,0.003623,1,0,0.000000,True
json-stable-stringify-without-jsonify,0.003623,1,0,0.000000,True
csv-parser,0.003623,1,0,0.000000,False
node-forge,0.003623,1,0,0.000000,False
axobject-query,0.003623,1,0,0.000000,False
pify,0.003623,1,0,0.000000,True
@octokit/plugin-request-log,0.003623,1,0,0.000000,False
quick-lru,0.003623,1,0,0.000000,True
err-code,0.003623,1,0,0.000000,False
@jridgewell/resolve-uri,0.003623,1,0,0.000000,True
is-plain-obj,0.003623,1,0,0.000000,True
detect-libc,0.003623,1,0,0.000000,True
@redis/json,0.003623,1,0,0.000000,False
dottie,0.003623,1,0,0.000000,False
byte-counter,0.003623,1,0,0.000000,False
v8-compile-cache-lib,0.003623,1,0,0.000000,True
lodash.clonedeep,0.003623,1,0,0.000000,False
@fastify/busboy,0.003623,1,0,0.000000,False
@tsconfig/node14,0.003623,1,0,0.000000,True
jmespath,0.003623,1,0,0.000000,False
isexe,0.003623,1,0,0.000000,True
cli-spinners,0.003623,1,0,0.000000,True
es-module-lexer,0.003623,1,0,0.000000,True
graphemer,0.003623,1,0,0.000000,True
@xtuc/ieee754,0.003623,1,0,0.000000,False
@types/luxon,0.003623,1,0,0.000000,False
msgpackr,0.003623,1,0,0.000000,False
@tsconfig/node12,0.003623,1,0,0.000000,True
cacheable-lookup,0.003623,1,0,0.000000,False
@pkgr/core,0.003623,1,0,0.000000,False
streamsearch,0.003623,1,0,0.000000,False
@csstools/css-parser-algorithms,0.003623,1,0,0.000000,False
@ioredis/commands,0.003623,1,0,0.000000,False
ip-address,0.003623,1,0,0.000000,True
internmap,0.003623,1,0,0.000000,False
loader-runner,0.003623,1,0,0.000000,True
path-to-regexp,0.003623,1,0,0.000000,True
mquery,0.003623,1,0,0.000000,False
d3-random,0.003623,1,0,0.000000,False
ipaddr.js,0.003623,1,0,0.000000,True
@eslint/object-schema,0.003623,1,0,0.000000,False
merge-stream,0.003623,1,0,0.000000,True
string-width-cjs,0.003623,1,0,0.000000,False
jpeg-exif,0.003623,1,0,0.000000,False
kuler,0.003623,1,0,0.000000,False
@radix-ui/react-primitive,0.002410,0,1,0.000000,True
jackspeak,0.002410,0,1,0.000000,True
get-tsconfig,0.002410,0,1,0.000000,True
@types/ws,0.002410,0,1,0.000000,True
through2,0.002410,0,1,0.000000,True
@emnapi/runtime,0.002410,0,1,0.000000,True
@types/react,0.002410,0,1,0.000000,True
uri-js,0.002410,0,1,0.000000,True
dir-glob,0.002410,0,1,0.000000,True
@types/uuid,0.002410,0,1,0.000000,True
brace-expansion,0.002410,0,1,0.000000,True
wcwidth,0.002410,0,1,0.000000,True
@types/json5,0.002410,0,1,0.000000,True
@types/parse-json,0.002410,0,1,0.000000,True
@types/graceful-fs,0.002410,0,1,0.000000,True
@types/mime,0.002410,0,1,0.000000,True
postcss-load-config,0.002410,0,1,0.000000,True
randombytes,0.002410,0,1,0.000000,True
dot-prop,0.002410,0,1,0.000000,True
nopt,0.002410,0,1,0.000000,True
is-binary-path,0.002410,0,1,0.000000,True
error-ex,0.002410,0,1,0.000000,True
psl,0.002410,0,1,0.000000,True
chokidar,0.002410,0,1,0.000000,True
array-union,0.000000,0,0,0.000000,True
jiti,0.000000,0,0,0.000000,True
is-buffer,0.000000,0,0,0.000000,True
concat-map,0.000000,0,0,0.000000,True
@types/prop-types,0.000000,0,0,0.000000,True
p-try,0.000000,0,0,0.000000,True
tinyexec,0.000000,0,0,0.000000,True
@dataform/core,0.000000,0,0,0.000000,True
@esbuild/linux-x64,0.000000,0,0,0.000000,True
@img/sharp-libvips-linuxmusl-x64,0.000000,0,0,0.000000,True
astral-regex,0.000000,0,0,0.000000,True
destroy,0.000000,0,0,0.000000,True
mimic-fn,0.000000,0,0,0.000000,True
lodash.memoize,0.000000,0,0,0.000000,True
json-buffer,0.000000,0,0,0.000000,True
yaml,0.000000,0,0,0.000000,True
typescript,0.000000,0,0,0.000000,True
arrify,0.000000,0,0,0.000000,True
jsonc-parser,0.000000,0,0,0.000000,True
object-hash,0.000000,0,0,0.000000,True
he,0.000000,0,0,0.000000,True
is-windows,0.000000,0,0,0.000000,True
exit,0.000000,0,0,0.000000,True
assertion-error,0.000000,0,0,0.000000,True
shell-quote,0.000000,0,0,0.000000,True
@jridgewell/set-array,0.000000,0,0,0.000000,True
prettier,0.000000,0,0,0.000000,True
pathval,0.000000,0,0,0.000000,True
decamelize,0.000000,0,0,0.000000,True
commondir,0.000000,0,0,0.000000,True
text-table,0.000000,0,0,0.000000,True
@rollup/rollup-linux-x64-musl,0.000000,0,0,0.000000,True
array-flatten,0.000000,0,0,0.000000,True
chai,0.000000,0,0,0.000000,True
lightningcss-linux-x64-musl,0.000000,0,0,0.000000,True
pathe,0.000000,0,0,0.000000,True
immutable,0.000000,0,0,0.000000,True
require-main-filename,0.000000,0,0,0.000000,True
dequal,0.000000,0,0,0.000000,True
no-case,0.000000,0,0,0.000000,True
tailwindcss,0.000000,0,0,0.000000,True
diff-sequences,0.000000,0,0,0.000000,True
interpret,0.000000,0,0,0.000000,True
@types/lodash,0.000000,0,0,0.000000,True
@tailwindcss/oxide-linux-x64-musl,0.000000,0,0,0.000000,True
core-js,0.000000,0,0,0.000000,True
@types/react-dom,0.000000,0,0,0.000000,True
pnpm,0.000000,0,0,0.000000,True
set-blocking,0.000000,0,0,0.000000,True
sprintf-js,0.000000,0,0,0.000000,True
regenerator-runtime,0.000000,0,0,0.000000,True
big.js,0.000000,0,0,0.000000,True
node-addon-api,0.000000,0,0,0.000000,True
char-regex,0.000000,0,0,0.000000,True
@pkgjs/parseargs,0.000000,0,0,0.000000,True
check-error,0.000000,0,0,0.000000,True
kind-of,0.000000,0,0,0.000000,True
methods,0.000000,0,0,0.000000,True
resolve.exports,0.000000,0,0,0.000000,True
@types/unist,0.000000,0,0,0.000000,True
path-exists,0.000000,0,0,0.000000,True
require-directory,0.000000,0,0,0.000000,True
through,0.000000,0,0,0.000000,True
lower-case,0.000000,0,0,0.000000,True
@tootallnate/once,0.000000,0,0,0.000000,True
date-fns,0.000000,0,0,0.000000,True
cssom,0.000000,0,0,0.000000,True
nwsapi,0.000000,0,0,0.000000,True
jest-get-type,0.000000,0,0,0.000000,True
which-module,0.000000,0,0,0.000000,True
abab,0.000000,0,0,0.000000,True
path-is-absolute,0.000000,0,0,0.000000,True
min-indent,0.000000,0,0,0.000000,True
meow,0.000000,0,0,0.000000,True
lines-and-columns,0.000000,0,0,0.000000,True
split2,0.000000,0,0,0.000000,True
deep-eql,0.000000,0,0,0.000000,True
bn.js,0.000000,0,0,0.000000,True
@img/sharp-linuxmusl-x64,0.000000,0,0,0.000000,True
fs.realpath,0.000000,0,0,0.000000,True
any-promise,0.000000,0,0,0.000000,True
emoji-regex,0.000000,0,0,0.000000,True
eastasianwidth,0.000000,0,0,0.000000,True
@rollup/rollup-linux-x64-gnu,0.000000,0,0,0.000000,True
is-obj,0.000000,0,0,0.000000,True
loader-utils,0.000000,0,0,0.000000,True
map-obj,0.000000,0,0,0.000000,True
eslint-config-prettier,0.000000,0,0,0.000000,True
process-nextick-args,0.000000,0,0,0.000000,True
utils-merge,0.000000,0,0,0.000000,True
has-flag,0.000000,0,0,0.000000,True
@types/semver,0.000000,0,0,0.000000,True
deep-extend,0.000000,0,0,0.000000,True
